row_id,question_group_id,question,original_question,bloom_level,legacy_bloom_level,source_document,source_paragraph,quality_flags,split
pone-row-0cd1be8283b6e2ac,pone-question-c68154e3d5335da8,List two reference parameters in the setHour function,List two reference parameters in the setHour function,remember,knowledge,pone.0230442.s001.docx,4,none,test
pone-row-2066737c0f51975c,pone-question-d2b8df6c5557ce79,"Explain briefly the meaning of the following terms: Demography, Consumer sales promotion , and Media mix","Explain briefly the meaning of the following terms: Demography, Consumer sales promotion , and Media mix",remember,knowledge,pone.0230442.s001.docx,5,missing_context,train
pone-row-8e48d9456181da80,pone-question-777459686a5409ad,Label the parts of the diagram,Label the parts of the diagram,remember,knowledge,pone.0230442.s001.docx,6,missing_context,train
pone-row-b84e8c6319d8b89d,pone-question-3b5deb475a36f632,"Based on the above dataType class, list all the function members","Based on the above dataType class, list all the function members",remember,knowledge,pone.0230442.s001.docx,7,missing_context,train
pone-row-8bb25fb0eddbe5a2,pone-question-b64286fe19de07f8,Define morphology,Define morphology,remember,knowledge,pone.0230442.s001.docx,8,very_short,train
pone-row-ce0b3373e5241e83,pone-question-19859b442b0e36c8,Define Method in JAVA.,Define Method in JAVA.,remember,knowledge,pone.0230442.s001.docx,9,none,train
pone-row-310b073bddff7adf,pone-question-4289a6781cffef89,Define Inheritance concept,Define Inheritance concept,remember,knowledge,pone.0230442.s001.docx,10,very_short,train
pone-row-81631e32a0145572,pone-question-d1aedc80864f9609,What is Encapsulation ?,What is Encapsulation ?,remember,knowledge,pone.0230442.s001.docx,11,very_short,test
pone-row-79a4d603ad6f368f,pone-question-531e4f711f1ea901,Name the authors of...?,Name the authors of...?,remember,knowledge,pone.0230442.s001.docx,12,placeholder,test
pone-row-059dbbcfe951b48d,pone-question-c2d5bd98333ef11a,List the fractions you know and can show....,List the fractions you know and can show….,remember,knowledge,pone.0230442.s001.docx,13,placeholder,train
pone-row-3c10b95b9adfb712,pone-question-1db857de6b2dae8d,List the __________________ in descending order,List the __________________ in descending order,remember,knowledge,pone.0230442.s001.docx,14,placeholder,validation
pone-row-fee03231a9951fb1,pone-question-fa65e8ca223a6e4c,List the attributes of the following shape.,List the attributes of the following shape.,remember,knowledge,pone.0230442.s001.docx,15,missing_context,train
pone-row-d3ef658b9be47950,pone-question-49706592ff31f601,List two local variables in the main function,List two local variables in the main function,remember,knowledge,pone.0230442.s001.docx,16,none,train
pone-row-a211a719d234da10,pone-question-52433ade63c07ba1,List the data members,List the data members,remember,knowledge,pone.0230442.s001.docx,17,none,train
pone-row-2845a180ced4aa6b,pone-question-e9c3a34ad3604f6e,List important information you can remember from lesson....,List important information you can remember from lesson….,remember,knowledge,pone.0230442.s001.docx,18,placeholder,train
pone-row-3fedadbe0b8112cf,pone-question-312beef1cddc61ff,Make a list of the main events of the story.,Make a list of the main events of the story.,remember,knowledge,pone.0230442.s001.docx,19,missing_context,train
pone-row-7f2a8b7d108a1229,pone-question-21db51599c2321ad,Memorize and recall the periodic table,Memorize and recall the periodic table,remember,knowledge,pone.0230442.s001.docx,20,missing_context,test
pone-row-4a71fd84e5c716ed,pone-question-5181149ea37ea256,Memorize the multiplication facts,Memorize the multiplication facts,remember,knowledge,pone.0230442.s001.docx,21,none,train
pone-row-cee5a9a1de58fc8e,pone-question-00a5860f76dd873b,Memorize the meaning of ...,Memorize the meaning of … ,remember,knowledge,pone.0230442.s001.docx,22,placeholder,train
pone-row-a0014262c26a2910,pone-question-7d54861e2b0652db,Name three 19th-century women English authors.,Name three 19th-century women English authors.,remember,knowledge,pone.0230442.s001.docx,23,none,validation
pone-row-e1644657c790962d,pone-question-2779516c390931b1,Name all the characters in the story.,Name all the characters in the story.,remember,knowledge,pone.0230442.s001.docx,24,missing_context,validation
pone-row-35e8e0e813b559af,pone-question-2086e35953834dcd,Name five cities in US.,Name five cities in US.,remember,knowledge,pone.0230442.s001.docx,25,none,train
pone-row-e048c62408cd97ce,pone-question-f857b42b30d2594e,Recall the main components of the flowchart,Recall the main components of the flowchart,remember,knowledge,pone.0230442.s001.docx,26,none,train
pone-row-c1a5887b23e08a94,pone-question-7090ddf146361bdf,Recall four facts from the story,Recall four facts from the story,remember,knowledge,pone.0230442.s001.docx,27,missing_context,train
pone-row-d9aaa9cd3e15174b,pone-question-6ba43cb6de80f257,What do you recall ...?,What do you recall ...?,remember,knowledge,pone.0230442.s001.docx,28,placeholder,train
pone-row-05731319818b9517,pone-question-aed238ecadac6dd8,What is the definition of the following terms...,What is the definition of the following terms…,remember,knowledge,pone.0230442.s001.docx,29,placeholder|missing_context,validation
pone-row-c1e09f331de72e4f,pone-question-f3fe2120cf6b82a6,Can you explain what is happening . . . what is meant . . .?,Can you explain what is happening . . . what is meant . . .? ,understand,comprehension,pone.0230442.s001.docx,31,none,train
pone-row-ceb93031a7af924e,pone-question-7d2754fe5cb7be41,Class Facility is an abstract class. Explain what this means,Class Facility is an abstract class. Explain what this means,understand,comprehension,pone.0230442.s001.docx,32,none,train
pone-row-6cbaf093f0fdc086,pone-question-37c16675a7df2c3b,Draw a diagram explaining how air pressure affects the weather.,Draw a diagram explaining how air pressure affects the weather.,understand,comprehension,pone.0230442.s001.docx,33,missing_context,train
pone-row-fcaeb0f744873740,pone-question-1df37a09d6602a5e,Describe how interest rates affect the economy,Describe how interest rates affect the economy,understand,comprehension,pone.0230442.s001.docx,34,none,train
pone-row-1c2c6f9a5e759967,pone-question-eef8dc38233a9a80,Explain what is happening in the first picture of the story.,Explain what is happening in the first picture of the story.,understand,comprehension,pone.0230442.s001.docx,35,missing_context,test
pone-row-c1ee4fd16ebbf712,pone-question-4a860c66a79210f9,Explain why the story has the title that it does.,Explain why the story has the title that it does.,understand,comprehension,pone.0230442.s001.docx,36,missing_context,train
pone-row-5368ed93dee0d064,pone-question-0cb9d569de6a3f3e,Explain how the heart is like a pump.,Explain how the heart is like a pump.,understand,comprehension,pone.0230442.s001.docx,37,none,test
pone-row-1cafc1d41b0f768d,pone-question-c89c69a3849489e6,Explain what is happening...,Explain what is happening...,understand,comprehension,pone.0230442.s001.docx,38,placeholder,train
pone-row-b557d3ecb62eee41,pone-question-7d26cc3bba8994cb,Explain what is meant.,Explain what is meant.,understand,comprehension,pone.0230442.s001.docx,39,none,train
pone-row-acdb08a3e18a5d50,pone-question-9f9d4cf01e9afd23,Explain in one sentence what the method incFromN does,Explain in one sentence what the method incFromN does,understand,comprehension,pone.0230442.s001.docx,40,none,test
pone-row-e5c2e1a9b1a582c8,pone-question-eceb20444945baa5,How would you explain...?,How would you explain...?,understand,comprehension,pone.0230442.s001.docx,41,placeholder,train
pone-row-e154613fda79085b,pone-question-535d1cbfdce6e038,How would you express ________________?,How would you express ________________?,understand,comprehension,pone.0230442.s001.docx,42,placeholder,train
pone-row-fda11f1f7915eec0,pone-question-efa774371322c888,How can you describe _____________?,How can you describe _____________?,understand,comprehension,pone.0230442.s001.docx,43,placeholder,train
pone-row-e0d6003e9274f4d0,pone-question-3f25a2eeca1f5d41,How would you classify the type of ...?,How would you classify the type of ...?,understand,comprehension,pone.0230442.s001.docx,44,placeholder,train
pone-row-fa2525c9f47da6dc,pone-question-1f6473b661cd98c3,How can you explain what is meant ...?,How can you explain what is meant ...?,understand,comprehension,pone.0230442.s001.docx,45,placeholder,train
pone-row-c688a79a3aa38742,pone-question-c70b914b24bb31e3,Draw a flowchart to accept a number and output its factorial.example 1: input 5 -> 5! = 5x4x3x2x1 -> output 120,Draw a flowchart to accept a number and output its factorial.example 1: input 5 -> 5! = 5x4x3x2x1 -> output 120 ,understand,comprehension,pone.0230442.s001.docx,46,none,test
pone-row-bd276dcb10a0baac,pone-question-fac2b0e12741c591,Identify the key points in the text,Identify the key points in the text ,understand,comprehension,pone.0230442.s001.docx,47,missing_context,test
pone-row-361e65c7bfc7a0d0,pone-question-7117c3f03ef59240,Identify three mistakes from the passage and correct them.,Identify three mistakes from the passage and correct them.,understand,comprehension,pone.0230442.s001.docx,48,missing_context,train
pone-row-fa87c2e39375c3a4,pone-question-1c7be8d12f1cffe9,State in your own words ...,State in your own words ...,understand,comprehension,pone.0230442.s001.docx,49,placeholder,validation
pone-row-3e5c2c525b4f1916,pone-question-34ed6bd91aa832a9,State in one word ...,State in one word ...,understand,comprehension,pone.0230442.s001.docx,50,placeholder,validation
pone-row-099e21119a248df0,pone-question-2e79810c0579a071,Put in your own words...,Put in your own words…,understand,comprehension,pone.0230442.s001.docx,51,placeholder,train
pone-row-a63af1faa5a657e6,pone-question-2f6e70c2d462633a,What is the difference between atomic and molecular mass?,What is the difference between atomic and molecular mass?,understand,comprehension,pone.0230442.s001.docx,52,none,train
pone-row-a111ed6325f9acd9,pone-question-e35bbf9112b58153,"In your own words, tell what the story is about.","In your own words, tell what the story is about.",understand,comprehension,pone.0230442.s001.docx,53,missing_context,train
pone-row-f64785aafe76cbdc,pone-question-f38f16ae7972f24b,Design or sketch a marketing strategy for your product using a known strategy as a model.,Design or sketch a marketing strategy for your product using a known strategy as a model.,apply,application,pone.0230442.s001.docx,58,none,train
pone-row-d5d8db7c0c8c5954,pone-question-58bfcc3d51f81cec,Sketch an experiment to see how plants grow in different kinds of soil.,Sketch an experiment to see how plants grow in different kinds of soil.,apply,application,pone.0230442.s001.docx,59,none,train
pone-row-80aeec30cf8beafd,pone-question-64029a0d9c3567ec,Sketch a diagram which shows these fractions or take photographs of the fractions.,Sketch a diagram which shows these fractions or take photographs of the fractions. ,apply,application,pone.0230442.s001.docx,60,missing_context,validation
pone-row-4fee50f25cfc2666,pone-question-52801bdd067d4963,"Demonstrate and illustrate measures of central tendency and dispersion, write a journal entry.","Demonstrate and illustrate measures of central tendency and dispersion, write a journal entry. ",apply,application,pone.0230442.s001.docx,61,none,validation
pone-row-92df2fa28f06973f,pone-question-e2a20ff6798ed159,Interpret the graph and state how many trees were cut down to produce paper.,Interpret the graph and state how many trees were cut down to produce paper.,apply,application,pone.0230442.s001.docx,62,missing_context,train
pone-row-1709b4140eb8a031,pone-question-5534ad27615b3559,How does the law of supply and demand explain the current increase in the price of fruit?,How does the law of supply and demand explain the current increase in the price of fruit?,apply,application,pone.0230442.s001.docx,63,none,train
pone-row-8273dd05aea22a5b,pone-question-0f493b7604eefd14,Predict what would happen if ...,Predict what would happen if ...,apply,application,pone.0230442.s001.docx,64,placeholder,train
pone-row-93d65bc60f459c77,pone-question-07a268f1ad2d61d1,Write a textbook about this topic for others.,Write a textbook about this topic for others.,apply,application,pone.0230442.s001.docx,65,none,train
pone-row-1d97ef106a642ca3,pone-question-e8aa4f6c5c42e936,Write what you might have done.,Write what you might have done.,apply,application,pone.0230442.s001.docx,66,none,validation
pone-row-8f2143f4bc2d94f3,pone-question-2c8d6e3bf5f751fd,Write an explanation about this topic for others,Write an explanation about this topic for others,apply,application,pone.0230442.s001.docx,67,none,train
pone-row-5864147880a3a463,pone-question-acd21f33960bfb51,Write a C++ statement to declare a variable of type musicType name MyTune.,Write a C++ statement to declare a variable of type musicType name MyTune.,apply,application,pone.0230442.s001.docx,68,none,train
pone-row-e453833c8b815f73,pone-question-e11440ac7bdc931d,Draw an illustration of the linked list after the execution of each of the statement below. (Use the original illustration for each question).,Draw an illustration of the linked list after the execution of each of the statement below. (Use the original illustration for each question).,apply,application,pone.0230442.s001.docx,69,missing_context,train
pone-row-0ba57cea6b2e8fb6,pone-question-f73eae4a189ad9ec,Write the definition of displaySize() method for each class,Write the definition of displaySize() method for each class,apply,application,pone.0230442.s001.docx,70,none,train
pone-row-bf73cb21377a1822,pone-question-533f04a3c1dc62f9,Suggest a way to deal with this scenario,Suggest a way to deal with this scenario,apply,application,pone.0230442.s001.docx,71,none,train
pone-row-187836e56189b00a,pone-question-d164b309c005f36c,Choose the best statements that apply ...,Choose the best statements that apply ...,apply,application,pone.0230442.s001.docx,72,placeholder,train
pone-row-f441c496f29c4fe4,pone-question-724cf226e46a7761,Analyze the selected information.,Analyze the selected information.,analyze,analysis,pone.0230442.s001.docx,76,missing_context,train
pone-row-aca554d87b81d95a,pone-question-81c4fc6bd1bf11c5,Can you discriminate the difference parts . . . ?,Can you discriminate the difference parts . . . ? ,analyze,analysis,pone.0230442.s001.docx,77,possible_language_error,train
pone-row-528c938b878985a6,pone-question-6614829b4f880ac1,Discriminate the pros and cons of ____.,Discriminate the pros and cons of ____.,analyze,analysis,pone.0230442.s001.docx,78,placeholder,train
pone-row-b81988be9a908332,pone-question-aa19f104e2e6d199,Analyze the following questionnaire.,Analyze the following questionnaire. ,analyze,analysis,pone.0230442.s001.docx,79,missing_context,validation
pone-row-edc10c19ec759096,pone-question-db0e21a30e71b032,How can you categorize ____ according to...?,How can you categorize ____ according to...?,analyze,analysis,pone.0230442.s001.docx,80,placeholder,train
pone-row-6dcb35c2dd0feb03,pone-question-88bd3b78211f2758,How can you distinguish the different parts of_____?,How can you distinguish the different parts of_____?,analyze,analysis,pone.0230442.s001.docx,81,placeholder,train
pone-row-eabc822662824d8d,pone-question-5d886529d0862678,How can you differentiate between...?,How can you differentiate between...?,analyze,analysis,pone.0230442.s001.docx,82,placeholder,test
pone-row-58ae03c870c9219a,pone-question-64c742c7a05ed182,"Discriminate the different parts of the story (introduction, development, climax, resolution.)","Discriminate the different parts of the story (introduction, development, climax, resolution.)",analyze,analysis,pone.0230442.s001.docx,83,missing_context,validation
pone-row-aa507bf35ab426c6,pone-question-a3282ad5cd7696be,Analyze a distinction. State the point of view of . . .,Analyze a distinction. State the point of view of . . .,analyze,analysis,pone.0230442.s001.docx,84,none,train
pone-row-176702ef63db4069,pone-question-f069a896252826dd,Categorize the story into parts and think of a good title for each of the parts.,Categorize the story into parts and think of a good title for each of the parts.,analyze,analysis,pone.0230442.s001.docx,85,missing_context,test
pone-row-6b4028a80ab9368d,pone-question-2b711f579bbe08f9,"Analyze a work of art in terms of form, color and texture.","Analyze a work of art in terms of form, color and texture.",analyze,analysis,pone.0230442.s001.docx,86,none,train
pone-row-82b9bba209d827d9,pone-question-364237ad758ff937,"Trace the contents of matrix from the following statements int matrix[3][2];int j, k;for (j = 0; j < 3; j++)for (k =h 0; k < 2; k++)matrik[j][k] = j + k;","Trace the contents of matrix from the following statements int matrix[3][2];int j, k;for (j = 0; j < 3; j++)for (k =h 0; k < 2; k++)matrik[j][k] = j + k;",analyze,analysis,pone.0230442.s001.docx,87,missing_context,test
pone-row-1744a6d299d5d7ed,pone-question-0b7ddf107e881796,Trace the value of alpha after the following code executes. int alpha[5];int j;alpha[0] = 5;for (j = 1; j < 5; j++){if(j % 2 == 0)alpha[j] = alpha[j – 1] + 2;else alpha[j] = alpha[j – 1] + 3;},Trace the value of alpha after the following code executes. int alpha[5];int j;alpha[0] = 5;for (j = 1; j < 5; j++){if(j % 2 == 0)alpha[j] = alpha[j – 1] + 2;else alpha[j] = alpha[j – 1] + 3;},analyze,analysis,pone.0230442.s001.docx,88,missing_context,train
pone-row-ab34eaf083dd981d,pone-question-81f808af85e3a9cd,What distinctions can be made about...and...?,What distinctions can be made about...and...?,analyze,analysis,pone.0230442.s001.docx,89,placeholder,train
pone-row-59cc0ccf4d98cf52,pone-question-5763fdad424a08de,What is the relationship between probability and statistical analysis?,What is the relationship between probability and statistical analysis?,analyze,analysis,pone.0230442.s001.docx,90,none,train
pone-row-5a42b3691f76de15,pone-question-380c649b6858fd4e,What is the analysis of ______________?,What is the analysis of ______________?,analyze,analysis,pone.0230442.s001.docx,91,placeholder,test
pone-row-571a79aa9d2a680d,pone-question-2fe65a0a60aff283,Draw a diagram to show the memory configuration after the following statements ....,Draw a diagram to show the memory configuration after the following statements .... ,analyze,analysis,pone.0230442.s001.docx,92,placeholder|missing_context,train
pone-row-56ddb9b42eff7489,pone-question-3ad82eb033fb4547,What has the author used to create this effect,What has the author used to create this effect,analyze,analysis,pone.0230442.s001.docx,93,none,test
pone-row-fd29addb0ca9840a,pone-question-dd2262807d37e396,Compare and contrast the two items and produce a summary of their similarities and differences,Compare and contrast the two items and produce a summary of their similarities and differences,analyze,analysis,pone.0230442.s001.docx,94,none,train
pone-row-94689ba315f57e88,pone-question-96a8e4063b7a6f9a,Develop a set of criteria for distinguishing between a good and bad example of this.,Develop a set of criteria for distinguishing between a good and bad example of this.,analyze,analysis,pone.0230442.s001.docx,95,none,train
pone-row-d619e1272600611e,pone-question-9eb7d86e4c68b897,What evidence can you find to suggest that people should be regarded as the most important resource of an organisation?,What evidence can you find to suggest that people should be regarded as the most important resource of an organisation?,analyze,analysis,pone.0230442.s001.docx,96,none,validation
pone-row-b2a62beeb8cb65a4,pone-question-e6900cb0cdbd69a2,"While the futures market is too risky for most investors, this risk creates the opportunities for large returns. Discuss.","While the futures market is too risky for most investors, this risk creates the opportunities for large returns. Discuss.",analyze,analysis,pone.0230442.s001.docx,97,none,train
pone-row-5a09bac3ec514647,pone-question-56dc2f2c733bc7ec,What evidence can you list for...,What evidence can you list for...,analyze,analysis,pone.0230442.s001.docx,98,placeholder,train
pone-row-605ac2d60d26704a,pone-question-1e1bbb8b422a3a74,Create several different strategies to solve a mathematical problem.,Create several different strategies to solve a mathematical problem. ,create,synthesis,pone.0230442.s001.docx,101,none,train
pone-row-beb2f8bd98544505,pone-question-ceeb6adbf92d075c,Can you propose an alternative plan to . . . ?,Can you propose an alternative plan to . . . ?,create,synthesis,pone.0230442.s001.docx,102,none,train
pone-row-7e4b9209de707dfe,pone-question-f044596a7e381be6,Can you develop method to handle the following case . . . ?,Can you develop method to handle the following case . . . ? ,create,synthesis,pone.0230442.s001.docx,103,missing_context,train
pone-row-aedf674e28557f6a,pone-question-e33c0e16e4993e36,Can you propose a model that would change . . . ?,Can you propose a model that would change . . . ?,create,synthesis,pone.0230442.s001.docx,104,none,validation
pone-row-94f1ecb88be17678,pone-question-42cd8cf4d4d890f9,Can you think of an original way for collect and develop the . . . ?,Can you think of an original way for collect and develop the . . . ?,create,synthesis,pone.0230442.s001.docx,105,none,train
pone-row-1da74c507bb0bce0,pone-question-329e39de66e48bb7,Develop a menu for a new healthy foods restaurant,Develop a menu for a new healthy foods restaurant,create,synthesis,pone.0230442.s001.docx,106,none,train
pone-row-d14e387107b4d3b4,pone-question-137aa3270bd000bc,Design a scientific study to test the effect of different kinds of music on hens’ egg production.,Design a scientific study to test the effect of different kinds of music on hens’ egg production.,create,synthesis,pone.0230442.s001.docx,107,none,train
pone-row-f4d06b2ab4843310,pone-question-1177ea28179d0d77,Design a building to house your study.,Design a building to house your study.,create,synthesis,pone.0230442.s001.docx,108,none,train
pone-row-772d62a634836371,pone-question-85591355555b761c,"Design a record, book or magazine cover for...","Design a record, book or magazine cover for...",create,synthesis,pone.0230442.s001.docx,109,placeholder,test
pone-row-05b58c0648788a58,pone-question-a5c40bfd69c96921,Design a new monetary system or an experiment for establishing.,Design a new monetary system or an experiment for establishing.,create,synthesis,pone.0230442.s001.docx,110,none,test
pone-row-0cc31a0aa58f5f26,pone-question-141404606e0a5cf7,Create several scientific hypotheses to ...,Create several scientific hypotheses to …,create,synthesis,pone.0230442.s001.docx,111,placeholder,train
pone-row-933bc1a8eb24c92b,pone-question-7eb5db9479b67aad,Propose an alternative way to solve ...,Propose an alternative way to solve …  ,create,synthesis,pone.0230442.s001.docx,112,placeholder,train
pone-row-bd83335bfa722dda,pone-question-188334d643fd8451,Propose a set of alternatives for reducing dependence on fossil fuels that address both economic and environmental concerns.,Propose a set of alternatives for reducing dependence on fossil fuels that address both economic and environmental concerns.,create,synthesis,pone.0230442.s001.docx,113,none,train
pone-row-cfa88ac62f0e033d,pone-question-928feb3b8469b37d,Rewrite the story from an animal’s point of view.,Rewrite the story from an animal’s point of view.,create,synthesis,pone.0230442.s001.docx,114,missing_context,test
pone-row-faae934a68873fbc,pone-question-ede78f4e1c67171c,"Rewrite the story briefly, but change someone or something in it. (For example, substitute a dog for a wolf in The Three Little Pigs).","Rewrite the story briefly, but change someone or something in it. (For example, substitute a dog for a wolf in The Three Little Pigs).",create,synthesis,pone.0230442.s001.docx,115,missing_context,train
pone-row-6786b595af20d3b1,pone-question-b98300b3d5266cbd,"Use your imagination to create a picture about the story. Then, add one new thing that was not in the story.","Use your imagination to create a picture about the story. Then, add one new thing that was not in the story.",create,synthesis,pone.0230442.s001.docx,116,missing_context,validation
pone-row-7a3035954a0484d5,pone-question-41fb9c58cf32c2e7,What hypotheses can you develop based on the data ? Why ?,What hypotheses can you develop based on the data ? Why ?,create,synthesis,pone.0230442.s001.docx,117,none,train
pone-row-4d2b163ca908714c,pone-question-5890dacbdb408928,Write a journal from the point of view of mountaineer.,Write a journal from the point of view of mountaineer.,create,synthesis,pone.0230442.s001.docx,118,none,validation
pone-row-93a08e1c7a545bfd,pone-question-965c4c9aa074caf7,Write about your feelings in relation to...,Write about your feelings in relation to...,create,synthesis,pone.0230442.s001.docx,119,placeholder,test
pone-row-649c488b5a304ca9,pone-question-aa10fa970e2dc943,"Write a TV show play, puppet show, role play, song or pantomime about..","Write a TV show play, puppet show, role play, song or pantomime about..",create,synthesis,pone.0230442.s001.docx,120,none,train
pone-row-6bb191fccc5576b1,pone-question-2c07a39a780ac6d3,Write a poem about the story.,Write a poem about the story.,create,synthesis,pone.0230442.s001.docx,121,missing_context,train
pone-row-9d959d327a0519da,pone-question-8d95f155f20288f9,Write 5 new titles for the story that would give a good idea of what it was about,Write 5 new titles for the story that would give a good idea of what it was about,create,synthesis,pone.0230442.s001.docx,122,missing_context,test
pone-row-056cc004364bd851,pone-question-c5e99513e9ac1401,Write another ending to the story that is different from the author’s ending.,Write another ending to the story that is different from the author’s ending.,create,synthesis,pone.0230442.s001.docx,123,missing_context,test
pone-row-ede027735a7c4e56,pone-question-801ce461dfab5aa3,Write a JAVA program to show the Overloading concept,Write a JAVA program to show the Overloading concept,create,synthesis,pone.0230442.s001.docx,124,none,train
pone-row-fbee092417335ecb,pone-question-97982326c54c1887,Write a program that uses nested loops to print the following output:,Write a program that uses nested loops to print the following output:,create,synthesis,pone.0230442.s001.docx,125,missing_context,test
pone-row-0ed67fba3f136fd1,pone-question-ff1fc0c7870ec700,"Write a program to calculate the SQRT for Array elements, you may use the Math class function (sqrt), the Array should include 5 Integer elements. The output should be the array elements along with their SQRT value.","Write a program to calculate the SQRT for Array elements, you may use the Math class function (sqrt), the Array should include 5 Integer elements. The output should be the array elements along with their SQRT value.",create,synthesis,pone.0230442.s001.docx,126,none,train
pone-row-c1390bb8c4c9eef1,pone-question-a5892df93a97e96c,Create an advertising campaign,Create an advertising campaign,create,synthesis,pone.0230442.s001.docx,127,none,validation
pone-row-62c14ab28e4010e2,pone-question-10e51c1fea1665b1,Construct an alternative way to ...,Construct an alternative way to ...,create,synthesis,pone.0230442.s001.docx,128,placeholder,train
pone-row-94feac8aad2f3978,pone-question-d5e75473d9007fa8,Devise a different way of using X,Devise a different way of using X,create,synthesis,pone.0230442.s001.docx,129,none,test
pone-row-1297f2206f39607b,pone-question-e3c55d562271eb03,Merge the different ideas into a single solution.,Merge the different ideas into a single solution.,create,synthesis,pone.0230442.s001.docx,130,none,train
pone-row-00e207fb7be286f0,pone-question-e1e7ab85e5375fb9,Can you defend your position about ... ?,Can you defend your position about ... ?,evaluate,evaluation,pone.0230442.s001.docx,133,placeholder,train
pone-row-8f864460a3e06920,pone-question-57496cb5568ed008,Can you assess the value or importance of . . . ?,Can you assess the value or importance of . . . ?,evaluate,evaluation,pone.0230442.s001.docx,134,none,train
pone-row-720e227828a44cb6,pone-question-d0cbd434b4ceb8be,What limitation does X have?,What limitation does X have? ,evaluate,evaluation,pone.0230442.s001.docx,135,none,train
pone-row-89603d339829c3a4,pone-question-7c014c5ee9b14821,Develop a proof ... and justify each step ...,Develop a proof ... and justify each step ... ,evaluate,evaluation,pone.0230442.s001.docx,136,placeholder,train
pone-row-67fb0f6aa187ef91,pone-question-d1843235de1e7486,"""Don’t use public instance variables"" is defensive programming techniques. discuss why it is good advice?","""Don’t use public instance variables"" is defensive programming techniques. discuss why it is good advice?",evaluate,evaluation,pone.0230442.s001.docx,137,none,train
pone-row-2e922c28e9a35c5f,pone-question-00464103a8710785,How would you justify . . . ?,How would you justify . . . ?,evaluate,evaluation,pone.0230442.s001.docx,138,none,train
pone-row-c0b350841faed3b1,pone-question-eb2347be62fe43a6,Judge the value of... What do you think about...?,Judge the value of... What do you think about...?,evaluate,evaluation,pone.0230442.s001.docx,139,placeholder,train
pone-row-00c07b370187a882,pone-question-7d98cf5d0e46ba0b,Judge how well a project meets the criteria of a rubric.,Judge how well a project meets the criteria of a rubric.,evaluate,evaluation,pone.0230442.s001.docx,140,none,train
pone-row-19b14321de40400d,pone-question-4a9b11b7864927c7,Judge the validity of arguments for and against astrology,Judge the validity of arguments for and against astrology,evaluate,evaluation,pone.0230442.s001.docx,141,none,train
pone-row-9a5d50cd6d609514,pone-question-0dc075c97fb5f57b,Justify the concept of inheritance and give the sample of code to illustrate your answer.,Justify the concept of inheritance and give the sample of code to illustrate your answer.,evaluate,evaluation,pone.0230442.s001.docx,142,none,test
pone-row-ad8e925898772ec9,pone-question-84a4bf6dfee51a05,Justify the object oriented programming concept,Justify the object oriented programming concept,evaluate,evaluation,pone.0230442.s001.docx,143,none,test
pone-row-9b745f0a5a0f9cdf,pone-question-ffa6eb89f4ba4d22,"Prepare a case to present, and evaluate your view about ...","Prepare a case to present, and evaluate your view about ...",evaluate,evaluation,pone.0230442.s001.docx,144,placeholder,train
pone-row-e784ddc21d16761a,pone-question-be9d9dd5ccd1854c,Prepare a list of criteria to judge ... Evaluate expressions,Prepare a list of criteria to judge ... Evaluate expressions,evaluate,evaluation,pone.0230442.s001.docx,145,placeholder,train
pone-row-d5fe3141f94063a0,pone-question-d0567321f7d4f217,Rate the following recommendations and set the priority _____.,Rate the following recommendations and set the priority _____.,evaluate,evaluation,pone.0230442.s001.docx,146,placeholder|missing_context,validation
pone-row-ed77e7aed6a23d64,pone-question-f729d57aa0c4072e,What data was used to evaluate ____________?,What data was used to evaluate ____________?,evaluate,evaluation,pone.0230442.s001.docx,147,placeholder,train
pone-row-3d810b933a7eab3b,pone-question-1bbeafc123f4d8b6,What judgments can you make about...?,What judgments can you make about...? ,evaluate,evaluation,pone.0230442.s001.docx,148,placeholder,train
pone-row-1bb70e29b55521bd,pone-question-cd3c63246a384751,What criteria would you use to assess...?,What criteria would you use to assess...? ,evaluate,evaluation,pone.0230442.s001.docx,149,placeholder|exact_duplicate,train
pone-row-876f19a71aa5cd24,pone-question-fa1c0b78c5a83d06,What criteria would you use to evaluate if your answer is correct?,What criteria would you use to evaluate if your answer is correct?,evaluate,evaluation,pone.0230442.s001.docx,150,none,train
pone-row-82730dc154eb7dc7,pone-question-b463d1d75865e86d,What would you cite to defend the actions . . . ?,What would you cite to defend the actions . . . ? ,evaluate,evaluation,pone.0230442.s001.docx,151,none,test
pone-row-b5f3eda28ad3c267,pone-question-b50f4a22ad658734,Outline how class ArrayList could be implemented using an array,Outline how class ArrayList could be implemented using an array,evaluate,evaluation,pone.0230442.s001.docx,152,none,test
pone-row-f8b994fdb5e74be8,pone-question-e0e293078dc3caa4,Can you justify the decisions you have made ?,Can you justify the decisions you have made ? ,evaluate,evaluation,pone.0230442.s001.docx,153,none,train
pone-row-4594c706bafe268a,pone-question-f1ccb0423379bcc8,How would you rank the items given the criteria ?,How would you rank the items given the criteria ?,evaluate,evaluation,pone.0230442.s001.docx,154,none,train
pone-row-0ba46641d208cee7,pone-question-14973868598e7051,"Your advice has been sought to settle the following dispute in Company X. Referring to appropriate legal principles, write a short report advising the company on the best course of action to adopt.","Your advice has been sought to settle the following dispute in Company X. Referring to appropriate legal principles, write a short report advising the company on the best course of action to adopt.",evaluate,evaluation,pone.0230442.s001.docx,155,missing_context,train
pone-row-28542f5fed437759,pone-question-660e5229e74a609e,What criticisms could you make ?,What criticisms could you make ?,evaluate,evaluation,pone.0230442.s001.docx,156,none,validation
pone-row-7307a9b923c00469,pone-question-1af68e33d7d4c87e,About what proportion of the population of the US is living on farms?,About what proportion of the population of the US is living on farms?,remember,knowledge,pone.0230442.s002.docx,2,none,train
pone-row-89713b3ba2c0e8c2,pone-question-fc4db31f6df23035,Correctly label the brain lobes indicated on the diagram below,Correctly label the brain lobes indicated on the diagram below,remember,knowledge,pone.0230442.s002.docx,3,missing_context,train
pone-row-f3d2acb450c05ac5,pone-question-f22683ff04b4569d,Define compound interest.,Define compound interest.,remember,knowledge,pone.0230442.s002.docx,4,very_short,validation
pone-row-c1aa347e29ac0f8b,pone-question-af04ad9f288ce118,Define four types of traceability.,Define four types of traceability.,remember,knowledge,pone.0230442.s002.docx,5,none,train
pone-row-f2254fb982000fad,pone-question-55b44728bfd2185d,Define mercantilism.,Define mercantilism.,remember,knowledge,pone.0230442.s002.docx,6,very_short,train
pone-row-974bd297d79bd163,pone-question-54f00b5caad00318,"Define stream bank, floodplain and substrate.","Define stream bank, floodplain and substrate.",remember,knowledge,pone.0230442.s002.docx,7,none,validation
pone-row-b7960100bfa8dcee,pone-question-40b59fae66c01c50,Define the meaning of the Olympic Motto.,Define the meaning of the Olympic Motto.,remember,knowledge,pone.0230442.s002.docx,8,none,train
pone-row-a73de13751756e99,pone-question-0c157b5479c7bb91,Draw and label a diagram of a typical stream.,Draw and label a diagram of a typical stream.,remember,knowledge,pone.0230442.s002.docx,9,missing_context,train
pone-row-634614a822e87767,pone-question-e809c4d933ba7fbb,Draw the basic outline of a page of notes using the Cornell Method?,Draw the basic outline of a page of notes using the Cornell Method?,remember,knowledge,pone.0230442.s002.docx,10,none,train
pone-row-59c4d028eef0040a,pone-question-692c687902abbb63,Draw the block diagram of the central processing unit,Draw the block diagram of the central processing unit ,remember,knowledge,pone.0230442.s002.docx,11,missing_context,train
pone-row-be76072110f3075a,pone-question-fa4449263bb29bb9,Draw the flow chart of the PNK system,Draw the flow chart of the PNK system,remember,knowledge,pone.0230442.s002.docx,12,none,validation
pone-row-2d1083ad70f9f5fc,pone-question-b0e68e1726b8174e,How many instructions in the instruction set of RISC computer?,How many instructions in the instruction set of RISC computer?,remember,knowledge,pone.0230442.s002.docx,13,none,validation
pone-row-35a057d96eee77ff,pone-question-eb21985ad1a11f1c,How many kilometers from your home to the university,How many kilometers from your home to the university,remember,knowledge,pone.0230442.s002.docx,14,none,train
pone-row-9e6551a014e55aba,pone-question-48f11223d39cfd7e,How many loop statement available in c++?,How many loop statement available in c++?,remember,knowledge,pone.0230442.s002.docx,15,none,validation
pone-row-a00a2a29193453df,pone-question-a6ace64df4dc180a,How many states are there in USA,How many states are there in USA,remember,knowledge,pone.0230442.s002.docx,16,none,train
pone-row-2e99f340ef119338,pone-question-95439005d3fd2ab5,How many years does this animal live?,How many years does this animal live?,remember,knowledge,pone.0230442.s002.docx,17,none,train
pone-row-1ae4b420dc3bf289,pone-question-6fe3a9b17f22f077,How much data can be stored in the cach memory,How much data can be stored in the cach memory,remember,knowledge,pone.0230442.s002.docx,18,possible_language_error,train
pone-row-34b585051f4f8301,pone-question-f45409545e573524,How much did he pay for his car,How much did he pay for his car,remember,knowledge,pone.0230442.s002.docx,19,none,train
pone-row-ac23a61d686efc57,pone-question-f389ea1074f7728e,How much is your weight,How much is your weight,remember,knowledge,pone.0230442.s002.docx,20,none,train
pone-row-fb5f88819e947eb8,pone-question-014769c72e1d3c32,How much time did he took to build a house,How much time did he took to build a house,remember,knowledge,pone.0230442.s002.docx,21,possible_language_error,train
pone-row-884703167cf1f623,pone-question-4b1e010fa4d6a492,How much water does an elephant drink,How much water does an elephant drink,remember,knowledge,pone.0230442.s002.docx,22,none,train
pone-row-12b87f41223835ad,pone-question-92cc7e7f69aa79fc,Identify a phrase as a simile,Identify a phrase as a simile,remember,knowledge,pone.0230442.s002.docx,23,none,train
pone-row-26a69d63ebe9abf8,pone-question-1c8b1e386f20ec6f,"Identify a property (commutative, additive, etc(","Identify a property (commutative, additive, etc(",remember,knowledge,pone.0230442.s002.docx,24,none,test
pone-row-0fc752493935a846,pone-question-be6456b7e43f31b7,Identify fractions from a pictorial representation,Identify fractions from a pictorial representation,remember,knowledge,pone.0230442.s002.docx,25,none,test
pone-row-10a81132dbc18725,pone-question-a95a80b505f4c22f,Identify ordinal positions,Identify ordinal positions,remember,knowledge,pone.0230442.s002.docx,26,very_short,test
pone-row-230c8c4f36142552,pone-question-074a31f528af4455,Identify the correct definition of osmosis.,Identify the correct definition of osmosis.,remember,knowledge,pone.0230442.s002.docx,27,none,validation
pone-row-2bb9743a49527c5d,pone-question-da8a39919b0c1ebc,Identify the five major prophets of the Old Testament.,Identify the five major prophets of the Old Testament.,remember,knowledge,pone.0230442.s002.docx,28,none,train
pone-row-3f4ff9aad006d581,pone-question-e012e2b8ac998882,Identify the part of a eukaryotic cell.,Identify the part of a eukaryotic cell.,remember,knowledge,pone.0230442.s002.docx,29,possible_language_error,test
pone-row-5c314e9be176d60f,pone-question-247154ee87381a4a,Identify the standard peripheral components of a computer.,Identify the standard peripheral components of a computer.,remember,knowledge,pone.0230442.s002.docx,30,none,test
pone-row-7cf8bbc2113e160f,pone-question-9cbde95a8f4e116f,Identify which word begins with the same sound as the s in sun (Knowledge of letter s),Identify which word begins with the same sound as the s in sun (Knowledge of letter s),remember,knowledge,pone.0230442.s002.docx,31,none,validation
pone-row-e0b15ec841100add,pone-question-80a822cd80edfc0d,in which continent does the state of suriname fall,in which continent does the state of suriname fall,remember,knowledge,pone.0230442.s002.docx,32,none,train
pone-row-6bdf6910cad53e3b,pone-question-e131c6b68c3e0ef6,in which countries is arabic language spoken,in which countries is arabic language spoken,remember,knowledge,pone.0230442.s002.docx,33,none,train
pone-row-e1035682efe2fa5b,pone-question-3d8723e06623f029,In Which part of the world does he live,In Which part of the world does he live ,remember,knowledge,pone.0230442.s002.docx,34,none,train
pone-row-4cd6b3a617f673c0,pone-question-c3017acde6144971,Label any Olympic sporting apparatus with design features.,Label any Olympic sporting apparatus with design features.,remember,knowledge,pone.0230442.s002.docx,35,none,train
pone-row-36925ad75734f665,pone-question-153770a4220105b0,Label the parts of the following insects: Grasshopper,Label the parts of the following insects: Grasshopper,remember,knowledge,pone.0230442.s002.docx,36,missing_context,train
pone-row-7200fd9d6ff87995,pone-question-e545226839697153,Label the parts of the microscope shown on the right, Label the parts of the microscope shown on the right,remember,knowledge,pone.0230442.s002.docx,37,none,train
pone-row-98b78accc7472b18,pone-question-e5afc3e11d8ba320,List four types of clauses mentioned in the article,List four types of clauses mentioned in the article,remember,knowledge,pone.0230442.s002.docx,38,missing_context,train
pone-row-943adc13a9b424b2,pone-question-c6ba3e395b6c89da,List reserved words in C programming.,List reserved words in C programming.,remember,knowledge,pone.0230442.s002.docx,39,none,test
pone-row-bee37e1dbfd3362f,pone-question-643dc8b14763accd,List the characteristics peculiar to the Cubist movement.,List the characteristics peculiar to the Cubist movement.,remember,knowledge,pone.0230442.s002.docx,40,none,train
pone-row-258b84e7d0053445,pone-question-9bfd36f3bdfa529f,List the levels in Bloom's Taxonomy.,List the levels in Bloom's Taxonomy.,remember,knowledge,pone.0230442.s002.docx,41,none,train
pone-row-b5a97b7a8efb7465,pone-question-0a657d91037ffcc0,List the procedure to draw a mixed potential or Evans' diagram,List the procedure to draw a mixed potential or Evans' diagram,remember,knowledge,pone.0230442.s002.docx,42,missing_context,train
pone-row-9f29a9acade32970,pone-question-5f236a5cd338a3d6,List the steps involved in titration.,List the steps involved in titration.,remember,knowledge,pone.0230442.s002.docx,43,none,test
pone-row-0dc0eb98566ec000,pone-question-f4ae65a8c27416f7,List three characteristics that are unique to the Cubist movement.,List three characteristics that are unique to the Cubist movement.,remember,knowledge,pone.0230442.s002.docx,44,none,train
pone-row-2d319eae20fc7be7,pone-question-31ca1e193285f90f,List three predominant economic systems that exist,List three predominant economic systems that exist,remember,knowledge,pone.0230442.s002.docx,45,none,test
pone-row-c216831474e8995b,pone-question-b662ce95eb8fdc2c,Look at the symbol. What is the symbol’s purpose on a map?,Look at the symbol. What is the symbol’s purpose on a map?,remember,knowledge,pone.0230442.s002.docx,46,none,train
pone-row-977a7cdfa6552fae,pone-question-58732a63c1b3e1e1,Make a list of facts you learned from the story.,Make a list of facts you learned from the story.,remember,knowledge,pone.0230442.s002.docx,47,missing_context,train
pone-row-34d9d6734dc3d38a,pone-question-698b5ef92dde5738,Name 5 steps that follow the taking of notes (within 24 hours or less)?,Name 5 steps that follow the taking of notes (within 24 hours or less)?,remember,knowledge,pone.0230442.s002.docx,48,none,train
pone-row-728820b590afc9a4,pone-question-bffbd7c369edc745,Name the artist who painted the Mona Lisa.,Name the artist who painted the Mona Lisa.,remember,knowledge,pone.0230442.s002.docx,49,none,train
pone-row-b6b67d156a154a39,pone-question-c926795752298c18,Name the food groups and at least two items of food in each group.,Name the food groups and at least two items of food in each group.,remember,knowledge,pone.0230442.s002.docx,50,none,train
pone-row-bb525126a1121530,pone-question-b1d3c8a349baa5d0,Name the four major food groups.,Name the four major food groups.,remember,knowledge,pone.0230442.s002.docx,51,none,train
pone-row-4d46427df096643f,pone-question-319d154f84b86cd6,Name the main characters in the story.,Name the main characters in the story.,remember,knowledge,pone.0230442.s002.docx,52,missing_context,test
pone-row-16166f96c75c2587,pone-question-4a7cff6e9e7ee208,Name the property that states that,Name the property that states that,remember,knowledge,pone.0230442.s002.docx,53,none,test
pone-row-1e35af755edbad84,pone-question-76eaee135ff80690,Please label the diagram below:,Please label the diagram below:,remember,knowledge,pone.0230442.s002.docx,54,missing_context,train
pone-row-f4dbc4bea8650c22,pone-question-a6115b314bd501bb,Recall basic math facts,Recall basic math facts,remember,knowledge,pone.0230442.s002.docx,55,none,train
pone-row-1a7fffb6888415ee,pone-question-74c07ee82671c4e7,Recall locations of a historical events,Recall locations of a historical events,remember,knowledge,pone.0230442.s002.docx,56,none,train
pone-row-65727f9be92a90b3,pone-question-f9843be8fcb2591a,Recall the definition of the formula datatype from your assignment 2.,Recall the definition of the formula datatype from your assignment 2.,remember,knowledge,pone.0230442.s002.docx,57,none,train
pone-row-a8f13a5b425ad5e7,pone-question-2c873476382c940d,Recall the equation for the Ideal Gas Law.,Recall the equation for the Ideal Gas Law.,remember,knowledge,pone.0230442.s002.docx,58,none,train
pone-row-73ad9c51370abaaf,pone-question-064356254dd69a89,Recall the following pictoral example of an implementation of some queue operations,Recall the following pictoral example of an implementation of some queue operations,remember,knowledge,pone.0230442.s002.docx,59,missing_context|possible_language_error,test
pone-row-103d51d6cac9f8c6,pone-question-948193de38202bef,recall the supply voltage constraints,recall the supply voltage constraints,remember,knowledge,pone.0230442.s002.docx,60,none,train
pone-row-a7a89c828dea05da,pone-question-fdeac74a91257833,Recite a policy of immigration in Europe .,Recite a policy of immigration in Europe .,remember,knowledge,pone.0230442.s002.docx,61,none,test
pone-row-cea9374f44085e0a,pone-question-20d46720f10fa342,"Recite the poem ""Auto Wreck"".","Recite the poem ""Auto Wreck"".",remember,knowledge,pone.0230442.s002.docx,62,none,train
pone-row-6595d95ee68fee78,pone-question-55b138d896fcc834,Recite the principles of the Data Protection Act.,Recite the principles of the Data Protection Act.,remember,knowledge,pone.0230442.s002.docx,63,none,train
pone-row-1686fce570a5197b,pone-question-98d76a49c6671b4e,Recite the the Gaussian law,Recite the the Gaussian law,remember,knowledge,pone.0230442.s002.docx,64,possible_language_error,validation
pone-row-0beef295e6d3a73d,pone-question-8efe0f7aa7d8a4b7,State four attributes of well engineered software.,State four attributes of well engineered software.,remember,knowledge,pone.0230442.s002.docx,65,none,test
pone-row-eab694f54b6bca85,pone-question-7d1bda941eb16cbe,State how to find a word in a dictionary,State how to find a word in a dictionary,remember,knowledge,pone.0230442.s002.docx,66,none,train
pone-row-e87a9dfd95702394,pone-question-0d9f6dba718f3568,State the characteristics of each type of corrosion testing studied,State the characteristics of each type of corrosion testing studied,remember,knowledge,pone.0230442.s002.docx,67,none,train
pone-row-2c12492bf85720bb,pone-question-11cd497073159a4f,State the definition of application in Bloom's Taxonomy.,State the definition of application in Bloom's Taxonomy.,remember,knowledge,pone.0230442.s002.docx,68,none,train
pone-row-5af7b3a712c1add9,pone-question-affde85092c1d2b4,State the formula for the area of a circle,State the formula for the area of a circle,remember,knowledge,pone.0230442.s002.docx,69,none,train
pone-row-ad458782f7542477,pone-question-93e9e5a7b52c5aea,State the guidelines to design an anodic protection system,State the guidelines to design an anodic protection system,remember,knowledge,pone.0230442.s002.docx,70,none,train
pone-row-e4696e0384bc3182,pone-question-fd1d90b124d74689,State the pattern for expressing time in French.,State the pattern for expressing time in French.,remember,knowledge,pone.0230442.s002.docx,71,none,train
pone-row-9b4695392bf58045,pone-question-250b8ca7b47df866,State the rule for balls and strikes in baseball.,State the rule for balls and strikes in baseball.,remember,knowledge,pone.0230442.s002.docx,72,none,train
pone-row-10274c3ff6a50dd2,pone-question-ad0b1b94f977b5d8,State the rule for using a semicolon in a sentence.,State the rule for using a semicolon in a sentence.,remember,knowledge,pone.0230442.s002.docx,73,none,validation
pone-row-f187e6bd056c69ee,pone-question-20aaec5b311ddccd,What are major facts about particular cultures and societies,What are major facts about particular cultures and societies,remember,knowledge,pone.0230442.s002.docx,74,none,train
pone-row-7bfb90e7112656ee,pone-question-94ac8bbd59acaced,What are the major products and exports of countries,What are the major products and exports of countries,remember,knowledge,pone.0230442.s002.docx,75,none,train
pone-row-c817bb039c484e55,pone-question-394b557ac77b2784,What are the representational symbols on maps and charts,What are the representational symbols on maps and charts,remember,knowledge,pone.0230442.s002.docx,76,none,train
pone-row-8f5063f772f2f75e,pone-question-48aa9decf9e95043,What are the structure or functions of Congress,What are the structure or functions of Congress,remember,knowledge,pone.0230442.s002.docx,77,none,train
pone-row-9a583173807defb1,pone-question-1de9aa789f511304,What are the units of corrosion penetration rates? Relate these to Faraday's law,What are the units of corrosion penetration rates? Relate these to Faraday's law,remember,knowledge,pone.0230442.s002.docx,78,none,train
pone-row-806d22ba635a6c91,pone-question-14156b13dce60863,What does ICT stands for.,What does ICT stands for.,remember,knowledge,pone.0230442.s002.docx,79,possible_language_error,validation
pone-row-cfae571724dc66ff,pone-question-f2f126dba1134af1,What is your family name,What is  your family name,remember,knowledge,pone.0230442.s002.docx,80,none,validation
pone-row-00705a379230ecb2,pone-question-09e2ca3848398901,What is a global variable?,What is a global variable?,remember,knowledge,pone.0230442.s002.docx,81,none,train
pone-row-25577ff3d5b371b2,pone-question-b1787f92231d4353,What is a textual index,What is a textual index,remember,knowledge,pone.0230442.s002.docx,82,none,train
pone-row-d167c01fd716c405,pone-question-c43e8fb16742d1a1,What is the setting of To Kill a Mockingbird?,What is the setting of To Kill a Mockingbird?,remember,knowledge,pone.0230442.s002.docx,83,none,train
pone-row-9714e97f8a08544a,pone-question-ddb39479cc176254,What is the title of the first movie you saw,What is the title of the first movie you saw ,remember,knowledge,pone.0230442.s002.docx,84,none,train
pone-row-213040c1514712bf,pone-question-38b14cb8b1fe88d8,What season are we in right now?,What season are we in right now?,remember,knowledge,pone.0230442.s002.docx,85,none,train
pone-row-8ed82e0e0feb2d9e,pone-question-2252aabd4322ead7,when did saudi arabia start using internet,when did saudi arabia start using internet,remember,knowledge,pone.0230442.s002.docx,86,none,train
pone-row-d30c4ccfc3cab22c,pone-question-907ed178e798112e,when did the first saudi radio station open,when did the first saudi radio station open,remember,knowledge,pone.0230442.s002.docx,87,none,validation
pone-row-c62fb9f31695c547,pone-question-60d4a1a30ed20702,When did the second world war happen,When did the second world war happen ,remember,knowledge,pone.0230442.s002.docx,88,none,validation
pone-row-bdf4418c836eb9b8,pone-question-9d777a1cf172d5e1,When did you born ?,When did you born ?,remember,knowledge,pone.0230442.s002.docx,89,none,train
pone-row-f056a4c9ad088c4a,pone-question-69bf345193881361,when was the first airport in the yemen built,when was the first airport in the yemen built,remember,knowledge,pone.0230442.s002.docx,90,none,train
pone-row-15fca0f1b47f15cb,pone-question-70e39f5a48fd9866,when was the UN formed,when was the UN formed ,remember,knowledge,pone.0230442.s002.docx,91,none,train
pone-row-ae175e8cd1327c19,pone-question-ff934b3655faafa8,Which of the following is the method for determining the volume of a cylinder?,Which of the following is the method for determining the volume of a cylinder?,remember,knowledge,pone.0230442.s002.docx,92,missing_context,validation
pone-row-7ae6945cc824dc4b,pone-question-8baef86ef4d42548,Which of the following item does not belong to the set ?,Which of the following item does not belong to the set ?,remember,knowledge,pone.0230442.s002.docx,93,missing_context,train
pone-row-ae3cd62001deed3c,pone-question-a6dedda6ab866b31,Which of the two liquids is hypotonic,Which of the two liquids is hypotonic ,remember,knowledge,pone.0230442.s002.docx,94,none,train
pone-row-a4e0077e7f13ef86,pone-question-658dcff740c43d68,which part of a data packet is used by a router to determine the destination network,which part of a data packet is used by a router to determine the destination network,remember,knowledge,pone.0230442.s002.docx,95,none,test
pone-row-9bb3ee65c070224d,pone-question-4c31967a04d48ff1,Which technology is used by laser printer,Which technology is used by laser printer,remember,knowledge,pone.0230442.s002.docx,96,none,train
pone-row-f44dcbb18b4d1a28,pone-question-3b265f0cecee8f79,Who is the first president of USA,Who is the first president   of USA,remember,knowledge,pone.0230442.s002.docx,97,none,train
pone-row-025c7c4143d6f9b4,pone-question-77fc26f156d40425,who is the founder of the kingdom of saudi Arabia,who is the founder of the kingdom of saudi Arabia,remember,knowledge,pone.0230442.s002.docx,98,none,train
pone-row-702358f0b0146f29,pone-question-bf681cf37e07868a,who was the first man on the moon,who was the first man on the moon,remember,knowledge,pone.0230442.s002.docx,99,none,train
pone-row-9778909f51d96d86,pone-question-a10a29180ca69362,who was the first to compose in the arts of makamat,who was the first to compose in the arts of makamat,remember,knowledge,pone.0230442.s002.docx,100,none,validation
pone-row-a3bb4cc9abb52d01,pone-question-5d896fe784ca77b0,Who was the writer of the Hamilton,Who was the writer of the Hamilton ,remember,knowledge,pone.0230442.s002.docx,101,none,test
pone-row-5ff6abd221adf061,pone-question-5bcc9a2c51abe7a2,Compare Calliope with Howie. Use the word bank.,Compare Calliope with Howie. Use the word bank.,understand,comprehension,pone.0230442.s002.docx,106,none,validation
pone-row-bdc9a8f2e812feaf,pone-question-4b00d9db15a6088b,Compare historical events to contemporary situations,Compare historical events to contemporary situations,understand,comprehension,pone.0230442.s002.docx,107,none,train
pone-row-54b51c00cbd93e9b,pone-question-122a0994d7511613,Complete an analogy (analogy tasks are inference tasks),Complete an analogy (analogy tasks are inference tasks),understand,comprehension,pone.0230442.s002.docx,108,none,train
pone-row-dd76ecaf867ed51a,pone-question-5165cd86f9282cea,Describe 4 types of coupling in software design.,Describe 4 types of coupling in software design.,understand,comprehension,pone.0230442.s002.docx,109,none,test
pone-row-c6adb01542840bdf,pone-question-87cf6987ea986088,Describe how Phillip and Timothy survived on the Cay.,Describe how Phillip and Timothy survived on the Cay.,understand,comprehension,pone.0230442.s002.docx,110,none,train
pone-row-604cc551c4a96e2b,pone-question-8e3999bcf0e37a7c,Describe in prose what is shown in graph form.,Describe in prose what is shown in graph form.,understand,comprehension,pone.0230442.s002.docx,111,missing_context,train
pone-row-3dc5739c27aa4bf5,pone-question-bfc0818125a6bf33,Describe in your own words how to borrow a book from the library.,Describe in your own words how to borrow a book from the library.,understand,comprehension,pone.0230442.s002.docx,112,none,train
pone-row-85d9d262b0d17524,pone-question-c0142cf1ab26614f,Describe in your own words how to copy text from one program into another.,Describe in your own words how to copy text from one program into another.,understand,comprehension,pone.0230442.s002.docx,113,missing_context,train
pone-row-fec3a3cfdfe6287e,pone-question-70ad7266ec090ef5,Describe in your own words what happens when a stream's velocity slows.,Describe in your own words what happens when a stream's velocity slows.,understand,comprehension,pone.0230442.s002.docx,114,none,train
pone-row-2ab65b3e72caac5a,pone-question-955b608814c9b0ea,Describe in your own words what is meant by a sprained ankle.,Describe in your own words what is meant by a sprained ankle.,understand,comprehension,pone.0230442.s002.docx,115,none,train
pone-row-642b8139c8681adb,pone-question-604da08f7bea85be,Describe nuclear transport to a lay person.,Describe nuclear transport to a lay person.,understand,comprehension,pone.0230442.s002.docx,116,none,validation
pone-row-cafb7c9de7029654,pone-question-c4443928b6daa238,Describe the Pareto Principle in statistical software quality assurance.,Describe the Pareto Principle in statistical software quality assurance.,understand,comprehension,pone.0230442.s002.docx,117,none,train
pone-row-cae4749f0d544e88,pone-question-f37d67a12abc6b48,Describe what goes in each of the four areas on the first page of notes,Describe what goes in each of the four areas on the first page of notes,understand,comprehension,pone.0230442.s002.docx,118,none,train
pone-row-4806bc6433dae8c3,pone-question-8c00e431a8c56508,Describe what took place as the Hato was sinking.,Describe what took place as the Hato was sinking.,understand,comprehension,pone.0230442.s002.docx,119,none,validation
pone-row-96d2112af08ab419,pone-question-14b58ac2d35f67be,Describe how the linear polarization method can yield corrosion rates,Describe how the linear polarization method can yield corrosion rates,understand,comprehension,pone.0230442.s002.docx,120,none,train
pone-row-903c2c4a2d8fb39f,pone-question-137a2f568560d983,Describe the major clinical differences between visceral and somatic pain,Describe the major clinical differences between visceral and somatic pain,understand,comprehension,pone.0230442.s002.docx,121,none,train
pone-row-ab7c9f84a3f16e86,pone-question-cef6b51ff641571e,Briefly describe the author's approach to the liabilities of the GOTO statement,Briefly describe the author's approach to the liabilities of the GOTO statement,understand,comprehension,pone.0230442.s002.docx,122,none,train
pone-row-8735c22921d38cfe,pone-question-351beced23910de2,Describe what happened at...?,Describe what happened at...?,understand,comprehension,pone.0230442.s002.docx,123,placeholder,train
pone-row-c4bf84b5a2d8bf8f,pone-question-4c62c6ce87fe4804,Determine the author’s point of view,Determine the author’s point of view,understand,comprehension,pone.0230442.s002.docx,124,none,test
pone-row-d1ff9a66cd4cb498,pone-question-ae759251d37f666d,Determine the next number in a sequence,Determine the next number in a sequence,understand,comprehension,pone.0230442.s002.docx,125,none,train
pone-row-0a8e7727baeffc30,pone-question-330674391d41ffcc,Discuss the nature of socialism.,Discuss the nature of socialism.,understand,comprehension,pone.0230442.s002.docx,126,none,train
pone-row-2f05ca21ccf25787,pone-question-ea416092e8cf5f3a,Explain how Timothy saved Phillip's life.,Explain how Timothy saved Phillip's life.,understand,comprehension,pone.0230442.s002.docx,127,none,train
pone-row-6e8ca8085a2ad98c,pone-question-366fc5b9a72ee48a,Explain in one's own words how to create a query in a database.,Explain in one's own words how to create a query in a database.,understand,comprehension,pone.0230442.s002.docx,128,none,train
pone-row-08c1012f3e537a2f,pone-question-1c8bb4b893c326c6,Explain in your own words what a recessive gene is.,Explain in your own words what a recessive gene is.,understand,comprehension,pone.0230442.s002.docx,129,none,validation
pone-row-5f9412288978fe88,pone-question-a6a79cd844ea66e6,Explain in your own words what do you mean by the term economics?,Explain in your own words what do you mean by the term economics?,understand,comprehension,pone.0230442.s002.docx,130,none,train
pone-row-719b7447d4c1743b,pone-question-cfc030ae77034253,Explain in your own words what is meant by mercantilism.,Explain in your own words what is meant by mercantilism.,understand,comprehension,pone.0230442.s002.docx,131,none,train
pone-row-0dee7787e9a7527f,pone-question-8e5c5604dbdd20bb,Explain the causes of historical events,Explain the causes of historical events,understand,comprehension,pone.0230442.s002.docx,132,none,train
pone-row-258e163d8d2b5caf,pone-question-53b9428835b61244,Explain the communicative property.,Explain the communicative property.,understand,comprehension,pone.0230442.s002.docx,133,none,train
pone-row-be52394200e6902e,pone-question-354b9688ef48943b,"Explain the double meaning the author attributes to the term ""successive action descriptions""","Explain the double meaning the author attributes to the term ""successive action descriptions""",understand,comprehension,pone.0230442.s002.docx,134,none,train
pone-row-b9e5d03fbbf2ede0,pone-question-6a0d5b3c96e73bfd,Explain the possible uses described in class for the space to the left of the vertical line.,Explain the possible uses described in class for the space to the left of the vertical line.,understand,comprehension,pone.0230442.s002.docx,135,none,test
pone-row-c9f1441f9d1fce54,pone-question-476b264c51dff331,Explain the process (paraphrase) for finding the perimeter of a rectangular garden,Explain the process (paraphrase) for finding the perimeter of a rectangular garden,understand,comprehension,pone.0230442.s002.docx,136,none,train
pone-row-27b15e6e6d279d10,pone-question-2b43542ffef27d21,Explain what a poem means.,Explain what a poem means.,understand,comprehension,pone.0230442.s002.docx,137,none,validation
pone-row-47ce6888ea37af45,pone-question-68a52cbc58848ff1,"Explain what the author means by the statement ""our intellectual powers are geared to master static relations.","Explain what the author means by the statement ""our intellectual powers are geared to master static relations.",understand,comprehension,pone.0230442.s002.docx,138,none,train
pone-row-9414c8a324da3fbe,pone-question-c6daeb6c5845c744,Express your opinion of 'Drugs in Sport' through poetry.,Express your opinion of 'Drugs in Sport' through poetry.,understand,comprehension,pone.0230442.s002.docx,139,none,train
pone-row-b764eede700769d4,pone-question-21012a40ea7232b7,From a blueprint to describe the article depicted.,From a blueprint to describe the article depicted.,understand,comprehension,pone.0230442.s002.docx,140,missing_context,validation
pone-row-1e22beb534c36935,pone-question-3210587cc1861c51,"Given a graph of production trends in automobiles, describe what the graph represents in a memo to your boss.","Given a graph of production trends in automobiles, describe what the graph represents in a memo to your boss.",understand,comprehension,pone.0230442.s002.docx,141,missing_context,train
pone-row-035ec9828c910fa7,pone-question-67948a4c410b387f,"Given these five corrosion inhibitors, V, W, X, Y, Z, identify which are passivators","Given these five corrosion inhibitors, V, W, X, Y, Z, identify which are passivators  ",understand,comprehension,pone.0230442.s002.docx,142,none,validation
pone-row-d0b32bc58e670bda,pone-question-7da23d1d32a5db41,"Illustrate this caption: ""Olympic as a Media Event in the Information Society""","Illustrate this caption: ""Olympic as a Media Event in the Information Society""",understand,comprehension,pone.0230442.s002.docx,143,none,train
pone-row-fdb4727a9aa3a43a,pone-question-6e961a080680d14a,Illustrate what you think the main idea was.,Illustrate what you think the main idea was.,understand,comprehension,pone.0230442.s002.docx,144,none,test
pone-row-f6173e17cf478a6f,pone-question-547a0c8ca7a9404f,In one sentence explain the main idea of a written passage.,In one sentence explain the main idea of a written passage.,understand,comprehension,pone.0230442.s002.docx,145,missing_context,test
pone-row-fe1ae757ae7b6603,pone-question-0cf50315a40b49bb,In one sentence illustrate the main point of a written passage.,In one sentence illustrate the main point of a written passage.,understand,comprehension,pone.0230442.s002.docx,146,missing_context,test
pone-row-4c6a2cd979b9f386,pone-question-38179c4afbfba467,Interpret the pictures.,Interpret the pictures.,understand,comprehension,pone.0230442.s002.docx,147,very_short,validation
pone-row-45490aea3ddb92d3,pone-question-432b891afb1d0b1d,Outline in your own words how the Leggo's Tomato Paste advertisement sells their product.,Outline in your own words how the Leggo's Tomato Paste advertisement sells their product.,understand,comprehension,pone.0230442.s002.docx,148,none,train
pone-row-11ef757e0319a6d9,pone-question-526f91177211fc08,Outline the most important insight of the tale.,Outline the most important insight of the tale.,understand,comprehension,pone.0230442.s002.docx,149,none,train
pone-row-734001c42d8e5557,pone-question-061d777b412c2a11,Outline the mechanisms employed by bacteria allowing them to evade phagocytic destruction.,Outline the mechanisms employed by bacteria allowing them to evade phagocytic destruction.,understand,comprehension,pone.0230442.s002.docx,150,none,train
pone-row-64c2fa68bdac00eb,pone-question-c86e37b89995ef0c,"Outline an ""attack plan"" that will allow you to test your hypothesis using computational molecular modeling tools","Outline an ""attack plan"" that will allow you to test your hypothesis using computational molecular modeling tools",understand,comprehension,pone.0230442.s002.docx,151,none,train
pone-row-618836bdd4b16f31,pone-question-6d89cc253cb31bc5,Paraphrase an important speech,Paraphrase an important speech,understand,comprehension,pone.0230442.s002.docx,152,none,train
pone-row-c0ff5e0da1b20f01,pone-question-ff6047f630d532b4,Paraphrase what Hamlet is saying in his soliloquy.,Paraphrase what Hamlet is saying in his soliloquy.,understand,comprehension,pone.0230442.s002.docx,153,none,train
pone-row-6011c281de8d9be4,pone-question-6ee4ab1282b3e227,Paraphrase the poem in your own words,Paraphrase the poem in your own words,understand,comprehension,pone.0230442.s002.docx,154,none,train
pone-row-1823ca3340987dff,pone-question-08b0781e18d64d45,"Paraphrase this poem about Sheik Schubli, explaining what he was saying about the characteristics of a friend","Paraphrase this poem about Sheik Schubli, explaining what he was saying about the characteristics of a friend",understand,comprehension,pone.0230442.s002.docx,155,none,train
pone-row-0a8d37ddb4eb6a25,pone-question-e7ad68a8351c02df,Describe the output of this program fragment:,Describe the output of this program fragment:,understand,comprehension,pone.0230442.s002.docx,156,none,train
pone-row-bb3d919a0dd57828,pone-question-fae45fda377983bc,Classify types of corrosion inhibitors,Classify types of corrosion inhibitors  ,understand,comprehension,pone.0230442.s002.docx,157,none,train
pone-row-064b96e513336d45,pone-question-2bd4e329478a76a3,would you classify the zener diode in this circuit as a series voltage regulator or a shunt voltage regulator, would you classify the zener diode in this circuit as a series voltage regulator or a shunt voltage regulator,understand,comprehension,pone.0230442.s002.docx,158,none,train
pone-row-c1dc56a8dd26a4c2,pone-question-2d5ce932f4494b7e,"Classify the following protocols: IP, TCP, HTTP according to the ISO OSI classification","Classify the following protocols: IP, TCP, HTTP according to the ISO OSI classification",understand,comprehension,pone.0230442.s002.docx,159,missing_context,train
pone-row-c9148a9c3416bcf1,pone-question-541a7f429b51b36d,"Classify the following substances as particle, atom, element, molecule, compound","Classify the following substances as particle, atom, element, molecule, compound",understand,comprehension,pone.0230442.s002.docx,160,missing_context,test
pone-row-b9e46f8c32b6ac6c,pone-question-a558df1c2cbb7d06,How would you classify the geographic location of your school,How would you classify the geographic location of your school,understand,comprehension,pone.0230442.s002.docx,161,none,train
pone-row-7261a7545aa1cf81,pone-question-9a1e0d43cf43cef9,Classify animals into two groups.,Classify animals into two groups.,understand,comprehension,pone.0230442.s002.docx,162,none,train
pone-row-5932a1c6a85e9aba,pone-question-8d794b07e96f3e2c,Classify celebrations into family and community categories.,Classify celebrations into family and community categories.,understand,comprehension,pone.0230442.s002.docx,163,none,train
pone-row-07eacf26739e36fd,pone-question-d3f06504d6ac1624,Classify frogs toads and other amphibians.,Classify frogs toads and other amphibians.,understand,comprehension,pone.0230442.s002.docx,164,none,train
pone-row-0939f5a39154906a,pone-question-250afa38943a43e1,Restate main idea of story in own words.,Restate main idea of story in own words.,understand,comprehension,pone.0230442.s002.docx,165,missing_context,train
pone-row-b4659e6257da4216,pone-question-87949f70028cd4f8,Restate the Olympic motto in your own words.,Restate the Olympic motto in your own words.,understand,comprehension,pone.0230442.s002.docx,166,none,train
pone-row-e21e9766e6c95522,pone-question-ce53d527be565419,Retell the story in your words.,Retell the story in your words.,understand,comprehension,pone.0230442.s002.docx,167,missing_context,train
pone-row-3ac7c6c6b630c678,pone-question-4c212f668f2f2b2a,Rewrite the principles of test writing.,Rewrite the principles of test writing.,understand,comprehension,pone.0230442.s002.docx,168,none,train
pone-row-fdf3dcfd6dc78679,pone-question-72bed50bcf726c3d,Rewrite you predicted equation for the ideal gas law,Rewrite you predicted equation for the ideal gas law,understand,comprehension,pone.0230442.s002.docx,169,none,test
pone-row-3c531caf0db231c0,pone-question-1cbce3238bf2816c,Rewrite the markov matrix to account for this slight change.,Rewrite the markov matrix to account for this slight change.,understand,comprehension,pone.0230442.s002.docx,170,none,train
pone-row-3b26ff24dd4234e6,pone-question-18d2c8fbeb26b6b3,"Rewrite the sentence in your head, following the direction given below","Rewrite the sentence in your head, following the direction given below",understand,comprehension,pone.0230442.s002.docx,171,missing_context,train
pone-row-507be8a4cbe10296,pone-question-7c1972733e1ce594,Rewrite a part in the poem using a different speaker,Rewrite a part in the poem using a different speaker,understand,comprehension,pone.0230442.s002.docx,172,none,train
pone-row-e8162df13e8520ed,pone-question-6ed7080767120dc9,Select the best title for a passage,Select the best title for a passage,understand,comprehension,pone.0230442.s002.docx,173,missing_context,train
pone-row-1cb66ab60f2800e2,pone-question-85a23ae70261f537,State in your own words the rule for balls and strikes in baseball.,State in your own words the rule for balls and strikes in baseball.,understand,comprehension,pone.0230442.s002.docx,174,none,train
pone-row-f1bff2b10158e2c2,pone-question-5e6d809ce7adb771,State in your own words where in the library to find previous issues of journals that are no longer in the display racks.,State in your own words where in the library to find previous issues of journals that are no longer in the display racks.,understand,comprehension,pone.0230442.s002.docx,175,none,train
pone-row-5a73e7c932f7a4b8,pone-question-6106b941d578527f,Can you state in your own words what the problem is asking you to do,Can you state in your own words what the problem is asking you to do,understand,comprehension,pone.0230442.s002.docx,176,none,validation
pone-row-f8bcb49a6cb28d87,pone-question-7516bcd607a35957,State in your own words what the author means when he says,State in your own words what the author means when he says,understand,comprehension,pone.0230442.s002.docx,177,none,train
pone-row-428302e6a743c1b1,pone-question-ae25c11af43a433b,Summarize a historical document,Summarize a historical document,understand,comprehension,pone.0230442.s002.docx,178,none,validation
pone-row-bfaba0ce93c98de2,pone-question-4978bcc5450fb0b2,Summarize a story in own words.,Summarize a story in own words.,understand,comprehension,pone.0230442.s002.docx,179,missing_context,train
pone-row-d0a220f5171125a0,pone-question-457be12beb264c46,Summarize Jem’s beliefs about Boo Radley,Summarize Jem’s beliefs about Boo Radley,understand,comprehension,pone.0230442.s002.docx,180,none,train
pone-row-45f3ea3cbba13470,pone-question-8fa8994a702e4956,Summarize the basic tenets of collaborative conservation.,Summarize the basic tenets of collaborative conservation.,understand,comprehension,pone.0230442.s002.docx,181,none,train
pone-row-7ac3277eb09353db,pone-question-ecabbc1caae57092,Summarize the basic tenets of deconstructionism.,Summarize the basic tenets of deconstructionism.,understand,comprehension,pone.0230442.s002.docx,182,none,train
pone-row-863c626f22b453aa,pone-question-964392f7d1e74efb,Summarize this magazine article.,Summarize this magazine article.,understand,comprehension,pone.0230442.s002.docx,183,missing_context,train
pone-row-84363f2d2b59fb31,pone-question-90e3148ebbf002dd,Tell how Phillip kept himself alive after Timothy died.,Tell how Phillip kept himself alive after Timothy died.,understand,comprehension,pone.0230442.s002.docx,184,none,validation
pone-row-917f81b1ad3b994b,pone-question-04a23612cc2c43ff,Tell in your own words how the setting of the story made it more interesting.,Tell in your own words how the setting of the story made it more interesting.,understand,comprehension,pone.0230442.s002.docx,185,missing_context,train
pone-row-44a5556feb25cc1f,pone-question-048ae01a0e011ba2,Tell in your own words the beginning of the book.,Tell in your own words the beginning of the book.,understand,comprehension,pone.0230442.s002.docx,186,none,train
pone-row-4ea9cdd009892bef,pone-question-72a96cd97e3bc749,"In your own words, tell what is meant by the definition of an isosceles triangle.","In your own words, tell what is meant by the definition of an isosceles triangle.",understand,comprehension,pone.0230442.s002.docx,187,none,train
pone-row-a30fd8f194d067ee,pone-question-627880d32b8e44d4,"In your own words, how would you define transferable skills","In your own words, how would you define transferable skills",understand,comprehension,pone.0230442.s002.docx,188,none,train
pone-row-06ee6cf52717b0a7,pone-question-cc9d2281e97294f4,Translate a written text aloud from L2 to English.,Translate a written text aloud from L2 to English.,understand,comprehension,pone.0230442.s002.docx,189,missing_context,train
pone-row-94f58f332c409c56,pone-question-db0e2560b8bb19cd,Translate an equation into a computer spreadsheet.,Translate an equation into a computer spreadsheet.,understand,comprehension,pone.0230442.s002.docx,190,none,validation
pone-row-53cb2352da12ef21,pone-question-7c103bcf8efaf7c6,Translate an equation into a spreadsheet formula.,Translate an equation into a spreadsheet formula.,understand,comprehension,pone.0230442.s002.docx,191,none,test
pone-row-eeed89a93fc938d8,pone-question-7af82bb28e8d7a71,Translate the following passage from The Iliad into English.,Translate the following passage from The Iliad into English.,understand,comprehension,pone.0230442.s002.docx,192,missing_context,train
pone-row-d461c9fed9f9533b,pone-question-f8c4900911a68042,Use the E-pH or Pourbaix diagram of Cr to determine the control current and potential for the anodic protection of a S43000 stainless steel vessel.,Use the E-pH or Pourbaix diagram of Cr to determine the control current and potential for the anodic protection of a S43000 stainless steel vessel.  ,understand,comprehension,pone.0230442.s002.docx,193,missing_context,validation
pone-row-702e3365f2390eb1,pone-question-c2cad1b208de0134,"Compare and contrast two treatments of either drapery or animals by Greek sculptors, establishing their artistic contexts"," Compare and contrast two treatments of either drapery or animals by Greek sculptors, establishing their artistic contexts",understand,comprehension,pone.0230442.s002.docx,194,none,test
pone-row-7805a0c44d4adc58,pone-question-24e5602bbb3e6fcb,"Briefly compare this way of testing the satisfiability of to the more standard way using SLD Resolution, as in Prolog"," Briefly compare this way of testing the satisfiability of to the more standard way using SLD Resolution, as in Prolog",understand,comprehension,pone.0230442.s002.docx,195,none,train
pone-row-0d8617cd220b296a,pone-question-4c85a74deb8fdbe7,How would you compare SAS with the Visual Basic Application and SPSS for the processing and analysis of mainframe data, How would you compare SAS with the Visual Basic Application and SPSS for the processing and analysis of mainframe data,understand,comprehension,pone.0230442.s002.docx,196,none,train
pone-row-f5e1e73fcc7b3afd,pone-question-cc57e7b7b77ed7f4,Describe and compare the role of Islamic law in the legal systems of Malaysia and Pakistan,  Describe and compare the role of Islamic law in the legal systems of Malaysia and Pakistan,understand,comprehension,pone.0230442.s002.docx,197,none,train
pone-row-bc0dbaec00223c5f,pone-question-daf2c03380ca6afa,Express the rule in function notation,Express the rule in function notation,understand,comprehension,pone.0230442.s002.docx,198,none,test
pone-row-ee33193501a177b5,pone-question-fcc1ee83dd9d06b0,Express the following systems in matrix form,Express the following systems in matrix form,understand,comprehension,pone.0230442.s002.docx,199,missing_context,validation
pone-row-4edec6c7f4004465,pone-question-075e0febabfa4b73,Express the following percentages as fractions in simplest form,Express the following percentages as fractions in simplest form,understand,comprehension,pone.0230442.s002.docx,200,missing_context,train
pone-row-a08bed30bc01dfdd,pone-question-24e3b5301531ed33,Explain the whole method of crushing,Explain the whole method of crushing,understand,comprehension,pone.0230442.s002.docx,201,none,validation
pone-row-250d93de87616218,pone-question-32ed763b77553e50,"In your own words, how would you summarize the story up","In your own words, how would you summarize the story up ",understand,comprehension,pone.0230442.s002.docx,202,missing_context,test
pone-row-47d85e90ad21c5ea,pone-question-ade439d6cdc9dd63,Summarize the main point of these two texts in your own words,Summarize the main point of these two texts in your own words ,understand,comprehension,pone.0230442.s002.docx,203,none,test
pone-row-c611f1b30f98dd5d,pone-question-6e7e698a89751631,Outline the aim of two studies within the,Outline the aim of two studies within the ,understand,comprehension,pone.0230442.s002.docx,204,none,train
pone-row-0270a83072ab9838,pone-question-ea8afdc18e3ec4bb,Outline your experience in working with service users, Outline your experience in working with service users,understand,comprehension,pone.0230442.s002.docx,205,none,validation
pone-row-519d0ddb49a19b31,pone-question-4fb404d0ddd74523,Apply laws of statistics to evaluate the reliability of a written test.,Apply laws of statistics to evaluate the reliability of a written test.,apply,application,pone.0230442.s002.docx,212,none,train
pone-row-a47742595dd8f071,pone-question-85766f3c2935b1be,Apply shading to produce depth in drawing.,Apply shading to produce depth in drawing.,apply,application,pone.0230442.s002.docx,213,none,train
pone-row-085b9bd32d6e729e,pone-question-c238101bf80cb940,Apply the rule of law to a new situation,Apply the rule of law to a new situation,apply,application,pone.0230442.s002.docx,214,none,train
pone-row-b15465e608c0b992,pone-question-371212ba600d2cb8,Apply the storytelling technique here to a little story of your own.,Apply the storytelling technique here to a little story of your own.,apply,application,pone.0230442.s002.docx,215,missing_context,validation
pone-row-56a96f1187d4fe70,pone-question-8d83f732f1ed05c1,Apply your understanding the Olympic spirit to develop a new motto or slogan.,Apply your understanding the Olympic spirit to develop a new motto or slogan.,apply,application,pone.0230442.s002.docx,216,none,train
pone-row-153666a98990da41,pone-question-ca4a6ebb9f83bfdf,Show the value of x after running this program fragment,Show the value of x after running this program fragment,apply,application,pone.0230442.s002.docx,217,none,test
pone-row-93cb9bf53260e8d5,pone-question-382e3ad0a8142c99,Calculate for x in the following equation: 12x=36,Calculate for x in the following equation: 12x=36,apply,application,pone.0230442.s002.docx,218,missing_context,train
pone-row-ee24076881ca197e,pone-question-597b0138a5162c50,Calculate the deflection of a beam under uniform loading.,Calculate the deflection of a beam under uniform loading.,apply,application,pone.0230442.s002.docx,219,none,test
pone-row-7a7212b0ea107737,pone-question-22f6248e639dc5fd,Calculate the number of sacrificial anodes that would be required to form a calcareous deposit on a steel pile immersed in seawater.,Calculate the number of sacrificial anodes that would be required to form a calcareous deposit on a steel pile immersed in seawater. ,apply,application,pone.0230442.s002.docx,220,none,train
pone-row-3880fb4ded70e4f4,pone-question-a418099c29da56a5,Calculate the rate of habitat fragmentation within the Colorado Front Range in the last decade.,Calculate the rate of habitat fragmentation within the Colorado Front Range in the last decade.,apply,application,pone.0230442.s002.docx,221,none,train
pone-row-587e146588d2afc5,pone-question-8bf1e98df77d00c7,Can you apply the method used to some experience of your own . . .?,Can you apply the method used to some experience of your own . . .?,apply,application,pone.0230442.s002.docx,222,none,train
pone-row-d80b051b12c187ba,pone-question-671261ada2735933,Can you group by characteristics such as . . .?,Can you group by characteristics such as . . .?,apply,application,pone.0230442.s002.docx,223,none,train
pone-row-8203a5cd6ea5e8ce,pone-question-fc89fed16817db11,Categorise the pictures and add them to the wall display.,Categorise the pictures and add them to the wall display.,apply,application,pone.0230442.s002.docx,224,none,validation
pone-row-cc58c37a38fe472c,pone-question-f0d133e52002bd97,Choose a country that does not compete at the Olympics and explain why that country is not an Olympic member.,Choose a country that does not compete at the Olympics and explain why that country is not an Olympic member.,apply,application,pone.0230442.s002.docx,225,none,train
pone-row-2c7edf99666a61b3,pone-question-99211d9a556e97ee,Choose any U.S. president and explain how he exercised his power as Commander in Chief of the Armed Forces.,Choose any U.S. president and explain how he exercised his power as Commander in Chief of the Armed Forces.,apply,application,pone.0230442.s002.docx,226,none,train
pone-row-9c023c7dd5d99f1d,pone-question-43bf7cc215f083fa,Compute the area of actual circles.,Compute the area of actual circles.,apply,application,pone.0230442.s002.docx,227,none,train
pone-row-8c756168e5eaf9b8,pone-question-25af717a9cf15498,Compute the volume of a cylinder,Compute the volume of a cylinder,apply,application,pone.0230442.s002.docx,228,none,train
pone-row-d39c51573f29ec6b,pone-question-10870bf42b674a8f,Construct a model to demonstrate how it will work.,Construct a model to demonstrate how it will work.,apply,application,pone.0230442.s002.docx,229,none,train
pone-row-d983497e32e7577b,pone-question-7860ec0fb23e51e1,Demonstrate how the seasons occur.,Demonstrate how the seasons occur.,apply,application,pone.0230442.s002.docx,230,none,test
pone-row-a918d09804e81800,pone-question-402ec08d4bed696c,Demonstrate how this could work in an industry setting?,Demonstrate how this could work in an industry setting?,apply,application,pone.0230442.s002.docx,231,none,validation
pone-row-a5f88513166f8143,pone-question-c6f309008c78accb,Demonstrate using the OPAC and your knowledge of library organization to find a book about turtles.,Demonstrate using the OPAC and your knowledge of library organization to find a book about turtles.,apply,application,pone.0230442.s002.docx,232,none,train
pone-row-274daa26f6e2117a,pone-question-6b676bf4f267af45,Demonstrate how your unit’s specific student learning outcomes are linked to the mission of UAM.,Demonstrate how your unit’s specific student learning outcomes are linked to the mission of UAM.,apply,application,pone.0230442.s002.docx,233,none,validation
pone-row-a8df917d18fba5e4,pone-question-58d367f80bd465a7,Derive a kinetic model from experimental data.,Derive a kinetic model from experimental data.,apply,application,pone.0230442.s002.docx,234,none,test
pone-row-8d3f7abf3ba11314,pone-question-63fd3e7aa6f8e1fd,Describe an experiment to answer the question of the effects of weight on the fall of an object.,Describe an experiment to answer the question of the effects of weight on the fall of an object.,apply,application,pone.0230442.s002.docx,235,none,train
pone-row-d0acb4686122566d,pone-question-2ca6ed7237aa7530,Construct a market strategy for your product using a known strategy as a model.,Construct a market strategy for your product using a known strategy as a model.,apply,application,pone.0230442.s002.docx,236,none,test
pone-row-2d6298b65494d9a9,pone-question-430ef4b5cfa1d2dd,Construct a simple payroll program that computes net pay for those working 40 hours or less and net pay for those working over 40 hours.,Construct a simple payroll program that computes net pay for those working 40 hours or less and net pay for those working over 40 hours.,apply,application,pone.0230442.s002.docx,237,none,train
pone-row-bdb5158a6bdeacb3,pone-question-5135ff6729a050b7,"Draw 3 pictures showing the beginning, middle and ending of the story.","Draw 3 pictures showing the beginning, middle and ending of the story.",apply,application,pone.0230442.s002.docx,238,missing_context,validation
pone-row-93adaddc913fe96d,pone-question-597139c95d09fff8,Draw a picture of the bears' house.,Draw a picture of the bears' house.,apply,application,pone.0230442.s002.docx,239,missing_context,train
pone-row-68935bbb64811f06,pone-question-b469c3e7759b6076,Draw a picture of the gown Cinderella wore to the ball.,Draw a picture of the gown Cinderella wore to the ball.,apply,application,pone.0230442.s002.docx,240,missing_context,train
pone-row-f910198425ddf532,pone-question-a8e716e1d7d7b0f4,"From the information given, can you develop a set of instructions about . . .?","From the information given, can you develop a set of instructions about . . .?",apply,application,pone.0230442.s002.docx,241,none,test
pone-row-12882fba8719c37f,pone-question-8e7f6ff864dfd573,How could someone modify the Cornell Method to make it effective for researching a topic for a paper?,How could someone modify the Cornell Method to make it effective for researching a topic for a paper?,apply,application,pone.0230442.s002.docx,242,none,validation
pone-row-605cf1896a792a53,pone-question-f3ab70a24693aaa2,How might lifestyles in the United States be modified if a more socialistic system were adopted?,How might lifestyles in the United States be modified if a more socialistic system were adopted?,apply,application,pone.0230442.s002.docx,243,none,train
pone-row-837108e3b9de8da0,pone-question-8cd840abff61fa8d,"If notes are available on the professor’s website, how should those notes be used?","If notes are available on the professor’s website, how should those notes be used?",apply,application,pone.0230442.s002.docx,244,none,train
pone-row-077096a2fa4ce43e,pone-question-21e3afacd29153ec,"In a teaching simulation with your peers role-playing 6th grade students, demonstrate the principle of reinforcement in classroom interactions and prepare a half page description of what happened during the simulation that validated the principle.","In a teaching simulation with your peers role-playing 6th grade students, demonstrate the principle of reinforcement in classroom interactions and prepare a half page description of what happened during the simulation that validated the principle.",apply,application,pone.0230442.s002.docx,245,none,train
pone-row-846a563e109f3e40,pone-question-8592024a512c3afd,Make a diorama to illustrate an important event.,Make a diorama to illustrate an important event.,apply,application,pone.0230442.s002.docx,246,none,train
pone-row-2bc7d2c12b69aac3,pone-question-d95a1ece05ba2954,Make a paper-mache map to include relevant information about an event.,Make a paper-mache map to include relevant information about an event.,apply,application,pone.0230442.s002.docx,247,none,train
pone-row-588b5c8ffb47be7d,pone-question-1a0824c7c9e12e94,Make a scrapbook about the areas of study.,Make a scrapbook about the areas of study.,apply,application,pone.0230442.s002.docx,248,none,test
pone-row-c7864c42d6841941,pone-question-7779fa274d36caa8,Make up a puzzle game using the ideas from the study area.,Make up a puzzle game using the ideas from the study area.,apply,application,pone.0230442.s002.docx,249,none,train
pone-row-0258414353f978bb,pone-question-5a9c5b44b764b6d3,Model an Olympic Village for the new Millenium.,Model an Olympic Village for the new Millenium.,apply,application,pone.0230442.s002.docx,250,none,train
pone-row-77bb83f169488d2f,pone-question-fbf7bba045abbb23,Participate in a mock election,Participate in a mock election,apply,application,pone.0230442.s002.docx,251,none,validation
pone-row-616a5fc2f58c40a8,pone-question-7b1b3f5f03f2b272,Predict what happens to X if Y increases.,Predict what happens to X if Y increases.,apply,application,pone.0230442.s002.docx,252,none,train
pone-row-f28532c65ce86cbc,pone-question-63e9416cc3f27104,Pretend you are one of the characters in the book. Write a diary about the happenings in your life for two consecutive days.,Pretend you are one of the characters in the book. Write a diary about the happenings in your life for two consecutive days.,apply,application,pone.0230442.s002.docx,253,none,train
pone-row-f45675ff0a7ac2f7,pone-question-50976d9cea3b2697,Relate the principle of reinforcement to classroom interactions.,Relate the principle of reinforcement to classroom interactions.,apply,application,pone.0230442.s002.docx,254,none,train
pone-row-5ff7f87ff719c961,pone-question-a1df5e6464446cbc,Relate topographic map to field features,Relate topographic map to field features,apply,application,pone.0230442.s002.docx,255,none,train
pone-row-07cc90e486d06357,pone-question-3d581d32eb3b969e,Relate your most powerful story where your use of technology in the classroom has yielded a significant outcome with a student or students,Relate your most powerful story where your use of technology in the classroom has yielded a significant outcome with a student or students,apply,application,pone.0230442.s002.docx,256,missing_context,test
pone-row-9dfe7bcfeb71b606,pone-question-d101d60c6fa99da7,How would you relate position concept with position strategy,How would you relate position concept with position strategy,apply,application,pone.0230442.s002.docx,257,none,train
pone-row-383fa254947ed504,pone-question-163e1cad77ece644,"Show, through role-play, the final scene in the novel.","Show, through role-play, the final scene in the novel.",apply,application,pone.0230442.s002.docx,258,none,validation
pone-row-84bad14946dfa5de,pone-question-60f3be30ce0022c5,Solve a math problem using familiar procedure or formula,Solve a math problem using familiar procedure or formula,apply,application,pone.0230442.s002.docx,259,none,train
pone-row-c4255d7f2586687a,pone-question-f46f7ffc3edc497d,Solve for the ten following fraction multiplication problems. Please make sure to show all your work.,Solve for the ten following fraction multiplication problems. Please make sure to show all your work.,apply,application,pone.0230442.s002.docx,260,missing_context,train
pone-row-5e7fd9ce5fd11e87,pone-question-8132153b7cdfb841,Would you solve these two problems using similar approaches,Would you solve these two problems using similar approaches,apply,application,pone.0230442.s002.docx,261,none,train
pone-row-c17b77b0c9b449c1,pone-question-c792eaf612939184,Use Laplace to solve the following problems,Use Laplace to solve the following problems,apply,application,pone.0230442.s002.docx,262,missing_context,train
pone-row-be6393493f5ebd63,pone-question-64b99b76edf36695,Can you solve the following problem,Can you solve the following problem ,apply,application,pone.0230442.s002.docx,263,missing_context,train
pone-row-d2322da77585e871,pone-question-71a7615a2af2b7a1,How to specify the impact energy and impact test temperature of the material in the Code,How to specify the impact energy and impact test temperature of the material in the Code,apply,application,pone.0230442.s002.docx,264,none,train
pone-row-4db50320457df65f,pone-question-b7a0addd93155866,Specify the thickness of a galvanized coating based on atmospheric data? (level 2),Specify the thickness of a galvanized coating based on atmospheric data? (level 2) ,apply,application,pone.0230442.s002.docx,265,exact_duplicate,train
pone-row-141f4c4160f1c0e6,pone-question-b7a0addd93155866,Specify the thickness of a galvanized coating based on atmospheric data? (level 2),Specify the thickness of a galvanized coating based on atmospheric data? (level 2) ,apply,application,pone.0230442.s002.docx,266,exact_duplicate,train
pone-row-3ec1e60e53a93cdd,pone-question-7b656ca79527c3b1,How does one specify the syntactical restrictions,How does one specify the syntactical restrictions,apply,application,pone.0230442.s002.docx,267,none,train
pone-row-1ca8ba72e8c463f8,pone-question-e22d8575379f6e2b,Specify a deterministic finite automaton (DFA) recognizing the,Specify a deterministic finite automaton (DFA) recognizing the,apply,application,pone.0230442.s002.docx,268,none,train
pone-row-b5d1419a03a9b1d1,pone-question-b0a05c5f420ca78f,Take a collection of photographs to demonstrate a particular point.,Take a collection of photographs to demonstrate a particular point.,apply,application,pone.0230442.s002.docx,269,none,train
pone-row-4674675a989079b3,pone-question-4fa7936e81d6908f,Use a costing model to compute prices on goods to maximise profits and minimise costs.,Use a costing model to compute prices on goods to maximise profits and minimise costs.,apply,application,pone.0230442.s002.docx,270,none,train
pone-row-6f7dd9fd086be3a7,pone-question-c784dfaece9221e2,Use a manual to calculate an employee's vacation time.,Use a manual to calculate an employee's vacation time.,apply,application,pone.0230442.s002.docx,271,none,train
pone-row-e97256d3ef5b5d6f,pone-question-f457e51f53b0f643,Use the distance travelled and cost of petrol to calculate the cost of a coach trip using a spreadsheet.,Use the distance travelled and cost of petrol to calculate the cost of a coach trip using a spreadsheet.,apply,application,pone.0230442.s002.docx,272,none,test
pone-row-9c8b81709dad5678,pone-question-5b1cdb8bb25bc4f6,Use the rule for a semicolon in a sentence.,Use the rule for a semicolon in a sentence.,apply,application,pone.0230442.s002.docx,273,none,test
pone-row-6ba6724d841d73a1,pone-question-c95bc42c2ee24685,What factors would you change if . . .?,What factors would you change if . . .?,apply,application,pone.0230442.s002.docx,274,none,test
pone-row-1c8c116117310089,pone-question-752b84ff31b4b163,What questions would you ask if . . .?,What questions would you ask if . . .?,apply,application,pone.0230442.s002.docx,275,none,validation
pone-row-905dcfc1be5f62f2,pone-question-f9c5a2a4f75520ee,Who can use what we know about sonnets and finish this poem?,Who can use what we know about sonnets and finish this poem?,apply,application,pone.0230442.s002.docx,276,none,train
pone-row-800333a146b2393b,pone-question-10208c351748b1cc,Would this information be useful if you had a . . .?,Would this information be useful if you had a . . .?,apply,application,pone.0230442.s002.docx,277,none,train
pone-row-24257c556a94f0d5,pone-question-c6d7022bb34f1c92,Sketch a prediction of the field lines for the arrangement of electrodes shown in Figure 2, Sketch a prediction of the field lines for the arrangement of electrodes shown in Figure 2,apply,application,pone.0230442.s002.docx,278,none,train
pone-row-38281ccee44d803a,pone-question-52a73b9d89025799,Sketch the blackbody curves for radiation emitted from the Sun and the Earth,Sketch the blackbody curves for radiation emitted from the Sun and the Earth,apply,application,pone.0230442.s002.docx,279,none,test
pone-row-37785d652a8aade5,pone-question-cab12cd9ff72a541,Sketch a typical absorption process in a packed column with regeneration in form of,Sketch a typical absorption process in a packed column with regeneration in form of,apply,application,pone.0230442.s002.docx,280,none,validation
pone-row-443a36b026874264,pone-question-cff46ab52058ca41,sketch a graph of velocity versus time for the upward and downward parts of a ball’s flight, sketch a graph of velocity versus time for the upward and downward parts of a ball’s flight,apply,application,pone.0230442.s002.docx,281,missing_context,validation
pone-row-89eb905b78ff5ae3,pone-question-194fe901acab2f9c,How do teenagers use code in emails and instant messages?,How do teenagers use code in emails and instant messages?,apply,application,pone.0230442.s002.docx,282,none,test
pone-row-a578dad2f8c13397,pone-question-2ccf7c9c5cc84b43,Use the second-derivative test to determine whether critical points where f0(x) = 0 yield relative maxima or relative minima, Use the second-derivative test to determine whether critical points where f0(x) = 0 yield relative maxima or relative minima,apply,application,pone.0230442.s002.docx,283,none,train
pone-row-fa1e2d96614eec70,pone-question-c413f2c8620e742b,Use the unification algorithm to determine whether the following two terms are uni_able. Show intermediate step,  Use the unification algorithm to determine whether the following two terms are uni_able. Show intermediate step,apply,application,pone.0230442.s002.docx,284,missing_context,validation
pone-row-c81a7eca8db7a798,pone-question-769a932878e0a1d9,Use tableau methods to prove that the following tableau is valid.,Use tableau methods to prove that the following tableau is valid.,apply,application,pone.0230442.s002.docx,285,missing_context,train
pone-row-8c15b57daea5faa3,pone-question-1ad7387b9814ed5c,Use a sketch too find the exact value of each expression,Use a sketch too find the exact value of each expression,apply,application,pone.0230442.s002.docx,286,none,validation
pone-row-e3ac51bc4b91552c,pone-question-592b9f6bef5bd731,Use Gauss’ Law to find the electric field between the plates when the charge on them is Q,Use Gauss’ Law to find the electric field between the plates when the charge on them is Q,apply,application,pone.0230442.s002.docx,287,none,train
pone-row-441ef933c9ffd57b,pone-question-a5e489012446c90b,What happens if you restrict a determinental process to a subset R S?, What happens if you restrict a determinental process to a subset R  S? ,apply,application,pone.0230442.s002.docx,288,none,train
pone-row-bed6f2532513f62e,pone-question-747c12c90b933dc4,What would happen if the rainfall doubled in your state next year,What would happen if the rainfall doubled in your state next year,apply,application,pone.0230442.s002.docx,289,none,test
pone-row-ae367e9622c4addc,pone-question-bd2d52347ef5e721,What happens if you change the direction of the displacement (but not its size)?,What happens if you change the direction of the displacement (but not its size)?,apply,application,pone.0230442.s002.docx,290,none,train
pone-row-57a2ed54b2d280ef,pone-question-d7ad9e9037dc22aa,What would you do if a heavy growth of bacteria had occurred,What would you do if a heavy growth of bacteria had occurred ,apply,application,pone.0230442.s002.docx,291,none,validation
pone-row-6920a016a13739e6,pone-question-374e0f4a410834b5,What would result if ...,What would result if …,apply,application,pone.0230442.s002.docx,292,placeholder,train
pone-row-62575e4e5d5f46a5,pone-question-d837bc8304e94d9a,What approach would you use to prove the truth of the below statement,What approach would you use to prove the truth of the below statement ,apply,application,pone.0230442.s002.docx,293,missing_context,train
pone-row-d97fa557af929b99,pone-question-8a5f52a24457b59b,Construct one Turing Machine for computing each of the following functions, Construct one Turing Machine for computing each of the following functions,apply,application,pone.0230442.s002.docx,294,missing_context,train
pone-row-bffe9ebf5ef59abd,pone-question-376903740ef7545a,Construct a Venn diagram to determine the validity of the given argument.,Construct a Venn diagram to determine the validity of the given argument.,apply,application,pone.0230442.s002.docx,295,missing_context,train
pone-row-1372fab770f9c4d6,pone-question-009689a6f94412cb,Construct a dictionary and a truth table to determine if the following statements are logically equivalent,Construct a dictionary and a truth table to determine if the following statements are logically equivalent,apply,application,pone.0230442.s002.docx,296,missing_context,train
pone-row-6e6616f473ced4a3,pone-question-31fb4da777456c05,"How can we construct H given I, B and E?","How can we construct H given I, B and E?",apply,application,pone.0230442.s002.docx,297,none,train
pone-row-1ce1c81f79652185,pone-question-3ecc047135b50356,Construct a family of networks to demonstrate that the number of different mincuts in a network can be exponential in the size of the network, Construct a family of networks to demonstrate that the number of different mincuts in a network can be exponential in the size of the network,apply,application,pone.0230442.s002.docx,298,none,train
pone-row-6f07a4097d37cd2c,pone-question-e1681e26bc2ded97,How do you construct foliations on a given manifold M?, How do you construct foliations on a given manifold M?,apply,application,pone.0230442.s002.docx,299,none,train
pone-row-56159b9e3c05d6d7,pone-question-2643ff6dd1eb5e38,How to Construct the Optimal Maintenance Problem,How to Construct the Optimal Maintenance Problem,apply,application,pone.0230442.s002.docx,300,none,train
pone-row-bd2efdfd88bd3bfa,pone-question-7c77b9a4c39edc5a,How to construct simple solutions when problems are complex?,How to construct simple solutions when problems are complex?,apply,application,pone.0230442.s002.docx,301,none,test
pone-row-bd9aa172c222cf0f,pone-question-131855d71581be72,Construct the 4-Bit Ripple carry Adder Circuit,Construct the 4-Bit Ripple carry Adder Circuit,apply,application,pone.0230442.s002.docx,302,none,test
pone-row-afc6f7427930cfdb,pone-question-a623bd9cbd6b4fe2,Construct an analog circuit with the following specifications,Construct an analog circuit with the following specifications,apply,application,pone.0230442.s002.docx,303,missing_context,test
pone-row-ef48a58a1fbb0f8b,pone-question-fc4b232a8e27c281,Construct the Data Path of the RISC Processor given in the previous question,Construct the Data Path of the RISC Processor given in the previous question ,apply,application,pone.0230442.s002.docx,304,none,train
pone-row-8521201e591c7643,pone-question-c3fb73dfb3636c23,How do we construct agents that can deliver. “good” assistance,How do we construct agents that can deliver. “good” assistance,apply,application,pone.0230442.s002.docx,305,none,train
pone-row-1eef9811cfc5d1a9,pone-question-6af5caf798cc6ebc,How to construct the selected information system,How to construct the selected information system,apply,application,pone.0230442.s002.docx,306,missing_context,train
pone-row-749377cb4d138f77,pone-question-2a80ce701a5e6750,Show how they have used creative writing strategies appropriate to the format,Show how they have used creative writing strategies appropriate to the format,apply,application,pone.0230442.s002.docx,307,none,train
pone-row-15b5dfab0ef5a74c,pone-question-074d30f3647a73e0,Show how to modify Fitch's algorithm given in class today to accommodate non-binary,Show how to modify Fitch's algorithm given in class today to accommodate non-binary,apply,application,pone.0230442.s002.docx,308,none,train
pone-row-8f2ce4f626eb7644,pone-question-d01fc13f07a0d673,Show how E-CRM can be used to improve marketing positioning as explained in the article,Show how E-CRM can be used to improve marketing positioning as explained in the article,apply,application,pone.0230442.s002.docx,309,missing_context,train
pone-row-5530b5660b5bc353,pone-question-60f037314004b3e1,How would you show your understanding of the ABC process,How would you show your understanding of the ABC process,apply,application,pone.0230442.s002.docx,310,none,train
pone-row-ea0ce4a94b5aec5b,pone-question-94d8fa7fa4724df7,Show me how you would check the brake lights are working on this car,Show me how you would check the brake lights are working on this car,apply,application,pone.0230442.s002.docx,311,none,train
pone-row-3c43368b01f11ba9,pone-question-7a062292dc896001,Analyze safe and dangerous aspects of these features.,Analyze safe and dangerous aspects of these features.,analyze,analysis,pone.0230442.s002.docx,317,none,train
pone-row-303cf3f6cc14bb9f,pone-question-527b7e95ddd155f0,Analyze the characteristics of frogs.,Analyze the characteristics of frogs.,analyze,analysis,pone.0230442.s002.docx,318,none,train
pone-row-ba1f6bedf2804f3b,pone-question-f44bb4577eb19378,Analyze the movements and sounds of a frog.,Analyze the movements and sounds of a frog.,analyze,analysis,pone.0230442.s002.docx,319,none,train
pone-row-03285f975a180a63,pone-question-c89ea430e4b84b0f,"Analyze the problem, identifying its variables.","Analyze the problem, identifying its variables.",analyze,analysis,pone.0230442.s002.docx,320,none,test
pone-row-bfe9ad9fc2b1bcd3,pone-question-5435108d21ee8bff,Break down the components of a standard film camera and explain how they interact to make the machine work.,Break down the components of a standard film camera and explain how they interact to make the machine work.,analyze,analysis,pone.0230442.s002.docx,321,none,train
pone-row-fb3fdde6010ed43d,pone-question-be187d07d758e9f6,Break down the main actions of the story.,Break down the main actions of the story.,analyze,analysis,pone.0230442.s002.docx,322,missing_context,train
pone-row-98e02746e32a2dab,pone-question-96c8f378fe8da951,"By comparing the map of the tectonic plates to the earthquake map, what inferences can you make?","By comparing the map of the tectonic plates to the earthquake map, what inferences can you make?",analyze,analysis,pone.0230442.s002.docx,323,none,train
pone-row-0e8a3a7524d727fa,pone-question-cafc95e059e6ad81,Can you compare your . . . with that presented in . . .?,Can you compare your . . . with that presented in . . .?,analyze,analysis,pone.0230442.s002.docx,324,none,train
pone-row-ae93775854b9c991,pone-question-5e4b0f051796d4c7,Can you distinguish between . . .?,Can you distinguish between . . .?,analyze,analysis,pone.0230442.s002.docx,325,none,validation
pone-row-206c5317814bbc72,pone-question-8118b78cc4f80623,Can you explain what must have happened when . . .?,Can you explain what must have happened when . . .?,analyze,analysis,pone.0230442.s002.docx,326,none,test
pone-row-f0114f3a0009ace2,pone-question-b805fb4a365757c8,Can you find four different feelings Pa Lia had during the story?,Can you find four different feelings Pa Lia had during the story?,analyze,analysis,pone.0230442.s002.docx,327,missing_context,train
pone-row-53bc7c7ed803c428,pone-question-b3b2823d78a60438,Compare and contrast animals that the class has made.,Compare and contrast animals that the class has made.,analyze,analysis,pone.0230442.s002.docx,328,none,train
pone-row-23b01b3dd3e09f61,pone-question-b9195d9fa37b04eb,Compare and contrast our school to other communities.,Compare and contrast our school to other communities.,analyze,analysis,pone.0230442.s002.docx,329,none,train
pone-row-a215c162f1f13bec,pone-question-a6474a15c269b633,"Compare and contrast preview questions, clarifying questions and anticipated exam questions, including how each relates to the notetaking process?","Compare and contrast preview questions, clarifying questions and anticipated exam questions, including how each relates to the notetaking process? ",analyze,analysis,pone.0230442.s002.docx,330,none,test
pone-row-1ec30f0f11ff84de,pone-question-c722c2e50362ea2d,Compare and contrast the waterfall model with the prototyping model.,Compare and contrast the waterfall model with the prototyping model.,analyze,analysis,pone.0230442.s002.docx,331,none,train
pone-row-13c260cc8c12925f,pone-question-c896688513dd7f8d,Compare and contrast two characters in the book.,Compare and contrast two characters in the book.,analyze,analysis,pone.0230442.s002.docx,332,none,train
pone-row-8025ea3bf42780ef,pone-question-a843197f98e99c42,Compare fall and spring,Compare fall and spring,analyze,analysis,pone.0230442.s002.docx,333,none,train
pone-row-35815e547af67c53,pone-question-88b342ebf63b909a,Compare herbatious and carnivorous animals on a Venn diagram.,Compare herbatious and carnivorous animals on a Venn diagram.,analyze,analysis,pone.0230442.s002.docx,334,missing_context,train
pone-row-f02ba28bbceac5ec,pone-question-891f205dd533ca00,Compare how different children come to school.,Compare how different children come to school.,analyze,analysis,pone.0230442.s002.docx,335,none,train
pone-row-a624fab57dea54b3,pone-question-26d44e6d9ed5f33f,Compare the place where the story happened with where you live.,Compare the place where the story happened with where you live.,analyze,analysis,pone.0230442.s002.docx,336,missing_context,train
pone-row-1b37c266f1c039dc,pone-question-429f8505eaf06ac2,Compare this book to the last book you read.,Compare this book to the last book you read.,analyze,analysis,pone.0230442.s002.docx,337,none,train
pone-row-a70e7ec3f6624b6c,pone-question-da56d4e381853241,Compare three celebrations using a Venn diagram.,Compare three celebrations using a Venn diagram.,analyze,analysis,pone.0230442.s002.docx,338,missing_context,train
pone-row-74a784c8968224e8,pone-question-d778adc1c53ca1b1,Compare two dog food commercials. What is the difference between them and how do they both sell their products?,Compare two dog food commercials. What is the difference between them and how do they both sell their products?,analyze,analysis,pone.0230442.s002.docx,339,none,train
pone-row-c525ef638addd5a4,pone-question-6c597f75114c7b37,Compare two of the characters in this book.,Compare two of the characters in this book.,analyze,analysis,pone.0230442.s002.docx,340,none,train
pone-row-de35d15259ce354d,pone-question-c73b00d492f845b7,Conduct an investigation to produce information to support a view.,Conduct an investigation to produce information to support a view.,analyze,analysis,pone.0230442.s002.docx,341,none,train
pone-row-e41e15a90a626379,pone-question-146d94c5b48549d5,Contrast building in the coastal zone with building in a river floodplain.,Contrast building in the coastal zone with building in a river floodplain.,analyze,analysis,pone.0230442.s002.docx,342,none,validation
pone-row-9e1b0d71f1153cbf,pone-question-b19650c388be910e,Contrast Olympic athletes of today with athletes of past Olympic games.,Contrast Olympic athletes of today with athletes of past Olympic games.,analyze,analysis,pone.0230442.s002.docx,343,none,test
pone-row-059241f61a9ff265,pone-question-73f9ddf575ded9a1,Differentiate between .call by value and call by reference.,Differentiate between .call by value and call by reference.,analyze,analysis,pone.0230442.s002.docx,344,none,train
pone-row-83428cbfd8757705,pone-question-e8f005fb008bba19,Differentiate printf function calls for displaying prompts and for echoing data.,Differentiate printf function calls for displaying prompts and for echoing data.,analyze,analysis,pone.0230442.s002.docx,345,none,validation
pone-row-7d469a77d168accc,pone-question-376b3f465c9ce538,Distinguish between micro and macro economics.,Distinguish between micro and macro economics.,analyze,analysis,pone.0230442.s002.docx,346,none,test
pone-row-de924d7b4ea6e90c,pone-question-a17667f6e367dc29,Distinguish facts from hypotheses,Distinguish facts from hypotheses,analyze,analysis,pone.0230442.s002.docx,347,none,test
pone-row-8b97aa7a1b7d5ff6,pone-question-0d2a21d4d64d19bf,"Divide the story into initiating event, rising action, climax, and falling action","Divide the story into initiating event, rising action, climax, and falling action",analyze,analysis,pone.0230442.s002.docx,348,missing_context,test
pone-row-0c3c5960e100c977,pone-question-5727ae6925cc8d62,"Examine what helps to make a good Olympics? Think about money, schedules, sports and people.","Examine what helps to make a good Olympics? Think about money, schedules, sports and people.",analyze,analysis,pone.0230442.s002.docx,349,none,train
pone-row-d96e252d650e8814,pone-question-61529f7aa74ded31,"Explain the term conjugal families, by making reference to the different types of societies to which they could belong.","Explain the term conjugal families, by making reference to the different types of societies to which they could belong.",analyze,analysis,pone.0230442.s002.docx,350,none,train
pone-row-9910ae7b54852993,pone-question-ef67fa376649ab78,analyze the positive and negative points presented concerning the abolition of guns and write a brief (2-3page) narrative of your analysis.,analyze the positive and negative points presented concerning the abolition of guns and write a brief (2-3page) narrative of your analysis.,analyze,analysis,pone.0230442.s002.docx,351,none,test
pone-row-503e12be798cd1e5,pone-question-5fc02cf087d109b2,"Differentiate the passages that attacked a political opponent personally, and those that attacked an opponent's political programs.","Differentiate the passages that attacked a political opponent personally, and those that attacked an opponent's political programs.",analyze,analysis,pone.0230442.s002.docx,352,none,validation
pone-row-6c9c1fdce437b452,pone-question-7c13c86f4d823eda,How does your pet differ from other animals?,How does your pet differ from other animals?,analyze,analysis,pone.0230442.s002.docx,353,none,train
pone-row-e532c69f7bb4fdf5,pone-question-f5dde26f6845c32d,How does...compare/contrast with...?,How does...compare/contrast with...?,analyze,analysis,pone.0230442.s002.docx,354,placeholder,train
pone-row-5a6a2f6eda78c3f8,pone-question-7c7d275cd7e1db0d,How is . . . similar to . . .?,How is . . . similar to . . .?,analyze,analysis,pone.0230442.s002.docx,355,none,train
pone-row-45d9e28734519cd0,pone-question-b933f58399b7e1c3,How was life different in your town 100 years ago?,How was life different in your town 100 years ago?,analyze,analysis,pone.0230442.s002.docx,356,none,test
pone-row-277e6d007e525ac3,pone-question-6b832550735b3121,How was this similar to . . .?,How was this similar to . . .?,analyze,analysis,pone.0230442.s002.docx,357,none,train
pone-row-91baf01d1b22a83f,pone-question-412f0af5e1836627,How would this story be different if it had happened in a different country?,How would this story be different if it had happened in a different country?,analyze,analysis,pone.0230442.s002.docx,358,missing_context,train
pone-row-78dcedec8e353328,pone-question-4e259a9af9bf3efa,How would you distinguish between polymyositis and viral myositis in a 42-year-old man with weakness and a rash?,How would you distinguish between polymyositis and viral myositis in a 42-year-old man with weakness and a rash?,analyze,analysis,pone.0230442.s002.docx,359,none,train
pone-row-94411e7de1db159c,pone-question-a1b0c6e87037d703,"If your story happened in a foreign land, compare that land to the United States.","If your story happened in a foreign land, compare that land to the United States.",analyze,analysis,pone.0230442.s002.docx,360,missing_context,train
pone-row-4c9e8354e5fcd823,pone-question-023b7e7c9911cc6d,"If your story occurred long ago, compare that time with today in a good paragraph. If it was a modern story, compare it with a long time ago and tell what would be different.","If your story occurred long ago, compare that time with today in a good paragraph. If it was a modern story, compare it with a long time ago and tell what would be different.",analyze,analysis,pone.0230442.s002.docx,361,missing_context,train
pone-row-3c762895a94a0dcd,pone-question-438c73947d3da6d9,Investigate innovations that can enhance future Olympics.,Investigate innovations that can enhance future Olympics.,analyze,analysis,pone.0230442.s002.docx,362,none,validation
pone-row-019754e58c312553,pone-question-86018d2d01cd32a8,Make a diagnosis or analyze a case study.,Make a diagnosis or analyze a case study.,analyze,analysis,pone.0230442.s002.docx,363,none,train
pone-row-2b0046ed7d143fce,pone-question-2eea5e6f7cc62b94,Select the athlete of the century and analyze why you chose this person.,Select the athlete of the century and analyze why you chose this person.,analyze,analysis,pone.0230442.s002.docx,364,none,train
pone-row-08a01d3882aaf780,pone-question-bf4f9cf20d2b62ec,"If interest were compounded monthly instead of daily, what would the difference in interest be?","If interest were compounded monthly instead of daily, what would the difference in interest be?",analyze,analysis,pone.0230442.s002.docx,365,none,validation
pone-row-33ed0f06f14d1b19,pone-question-71d31ebe3c974641,What are the parts or features of...?,What are the parts or features of...?,analyze,analysis,pone.0230442.s002.docx,366,placeholder,train
pone-row-7197cab1a80943c1,pone-question-18b16a79cd282608,Distinguish between the following giving suitable examples,Distinguish between the following giving suitable examples,analyze,analysis,pone.0230442.s002.docx,367,missing_context,train
pone-row-ab450ef4038d4fe6,pone-question-b311e47c46572d41,Distinguish between abstract date types (ADTs) and implementations of ADTs,Distinguish between abstract date types (ADTs) and implementations of ADTs,analyze,analysis,pone.0230442.s002.docx,368,none,validation
pone-row-af5920fed7507069,pone-question-e4ff5596d4c86023,"How do you distinguish between the binge-eating/purging type of anorexia nervosa and bulimia nervosa, purging type"," How do you distinguish between the binge-eating/purging type of anorexia nervosa and bulimia nervosa, purging type",analyze,analysis,pone.0230442.s002.docx,369,none,train
pone-row-e06c372172c42a66,pone-question-bbf9779fcc7ce233,How does Tdap differ from Td vaccine,How does Tdap differ from Td vaccine,analyze,analysis,pone.0230442.s002.docx,370,none,train
pone-row-c48a3dcc40271d54,pone-question-6fd3b556354fd5e8,How does autonomy differ with age,How does autonomy differ with age,analyze,analysis,pone.0230442.s002.docx,371,none,train
pone-row-d68380d35e3635d3,pone-question-66e26f3f042bb82f,In what ways do female offenders differ from male offenders,In what ways do female offenders differ from male offenders,analyze,analysis,pone.0230442.s002.docx,372,none,validation
pone-row-063fd866bb144b92,pone-question-ecdc124310ba9640,in what ways trajectory patterns differ according to ABC,in what ways trajectory patterns differ according to ABC,analyze,analysis,pone.0230442.s002.docx,373,none,train
pone-row-1d86715b6e47c635,pone-question-0beff9f8fd13ff3f,How do psychologists differ in their general attitudes toward third party presence,How do psychologists differ in their general attitudes toward third party presence,analyze,analysis,pone.0230442.s002.docx,374,none,train
pone-row-28c59a85e89bfcdc,pone-question-0766a1d5dd0a4ab3,How did Chinese newspapers differ from US,How did Chinese newspapers differ from US,analyze,analysis,pone.0230442.s002.docx,375,none,train
pone-row-3b9cbb023bb89dbb,pone-question-84ccb2bf2552ce0d,How does public health reporting differ today from reporting two years before,How does public health reporting differ today from reporting two years before,analyze,analysis,pone.0230442.s002.docx,376,none,train
pone-row-3f8fb3ccb0540a9a,pone-question-0a6b81971e0d297f,How does an endorsement differ from a teaching certificate,How does an endorsement differ from a teaching certificate,analyze,analysis,pone.0230442.s002.docx,377,none,train
pone-row-5cdf3a43e3c0a51a,pone-question-777dcbfa59b86311,How do we differentiate between genuine buyer and undercover buyer,How do we differentiate between genuine buyer and undercover buyer,analyze,analysis,pone.0230442.s002.docx,378,none,train
pone-row-23a8290344bdfa9f,pone-question-0b88f559ee2555e8,How do we differentiate between an interview and an interrogation?, How do we differentiate between an interview and an interrogation?,analyze,analysis,pone.0230442.s002.docx,379,none,train
pone-row-84914ff2f54ee8d0,pone-question-919f50a84fccdb91,Differentiate between the following terms along with appropriate examples,Differentiate between the following terms along with appropriate examples,analyze,analysis,pone.0230442.s002.docx,380,missing_context,train
pone-row-ed85aa19e68fa783,pone-question-3eb86842345dd14b,Differentiate the following functions using the quotient rule,Differentiate the following functions using the quotient rule,analyze,analysis,pone.0230442.s002.docx,381,missing_context,train
pone-row-3c528a645ab85a5b,pone-question-782b275e23f8c5ac,Can you differentiate between ethnic Chinese and ethnic Koreans,Can you differentiate between ethnic Chinese and ethnic Koreans,analyze,analysis,pone.0230442.s002.docx,382,none,validation
pone-row-54f5282498a886ae,pone-question-da5daed270c9384f,How would you differentiate obstructive apneas from central apneas,How would you differentiate obstructive apneas from central apneas,analyze,analysis,pone.0230442.s002.docx,383,none,train
pone-row-853b1f6708681486,pone-question-62ad589a29c55d8a,How would you differentiate a project from a program,How would you differentiate a project from a program,analyze,analysis,pone.0230442.s002.docx,384,none,test
pone-row-fde99743690a5a51,pone-question-85c83f986affd422,How is scientific progress similar to Darwinian evolution according to Kuhn,How is scientific progress similar to Darwinian evolution according to Kuhn,analyze,analysis,pone.0230442.s002.docx,385,none,test
pone-row-b20897bf31ca39ca,pone-question-a01edf684361dc12,"in what ways is oxyperoxidase similar to other oxygenated heme proteins, and how does it differ","in what ways is oxyperoxidase similar to other oxygenated heme proteins, and how does it differ",analyze,analysis,pone.0230442.s002.docx,386,none,train
pone-row-5cbbc0fcb799e170,pone-question-a25a081161268f44,In what ways are foxes similar to wolves and dogs,In what ways are foxes similar to wolves and dogs,analyze,analysis,pone.0230442.s002.docx,387,none,train
pone-row-7c72d12ef2143d76,pone-question-16230c45d6989ee6,How are the adolescents with ASD similar of different from each other in their sources of communication breakdowns ?, How are the adolescents with ASD similar of different from each other in their sources of communication breakdowns ?,analyze,analysis,pone.0230442.s002.docx,388,none,train
pone-row-fdb4e48045739369,pone-question-cee1c97dd280e591,Examine the data in the EMPLOYEES and DEPARTMENTS tables,Examine the data in the EMPLOYEES and DEPARTMENTS tables,analyze,analysis,pone.0230442.s002.docx,389,none,train
pone-row-cbaafa0090ebf8f6,pone-question-da566a5dcd1b2b00,Examine the differences between the model excluding the most influential observation and the model including all observations., Examine the differences between the model excluding the most influential observation and the model including all observations.,analyze,analysis,pone.0230442.s002.docx,390,none,validation
pone-row-d76b5239c8980cb0,pone-question-a8cf794bd1028f7d,Critically examine the strengths and weaknesses of the positivist paradigm,Critically examine the strengths and weaknesses of the positivist paradigm,analyze,analysis,pone.0230442.s002.docx,391,none,train
pone-row-1102164893f3e0af,pone-question-7a05bc68bc53835b,Examine differences between the means of each individual switching factor.,Examine differences between the means of each individual switching factor.,analyze,analysis,pone.0230442.s002.docx,392,none,train
pone-row-3c94531f8aad0de2,pone-question-84635f629a1d45e6,Examine carefully the given map extract on the following page to help you work out the exercise below., Examine carefully the given map extract on the following page to help you work out the exercise below.,analyze,analysis,pone.0230442.s002.docx,393,missing_context,validation
pone-row-b67da5e31aeb17a8,pone-question-3cd278e66caec86b,"Inspect each of these Boolean expressions, and determine whether each one is a sum of products, or a product of sums"," Inspect each of these Boolean expressions, and determine whether each one is a sum of products, or a product of sums",analyze,analysis,pone.0230442.s002.docx,394,none,validation
pone-row-702bbe9b9ef75c8c,pone-question-ff1e0937350abdbf,Inspect the size of the loaded data: how many objects and variables does the iris data matrix contain?, Inspect the size of the loaded data: how many objects and variables does the iris data matrix contain?,analyze,analysis,pone.0230442.s002.docx,395,none,validation
pone-row-289c9182c3f00312,pone-question-c4afa4203f05c3d1,Can you distinguish for me between what is reasonably achievable and what are exaggerations, Can you distinguish for me between what is reasonably  achievable and what are  exaggerations,analyze,analysis,pone.0230442.s002.docx,396,none,test
pone-row-f372798bf45202eb,pone-question-11f64164e112a039,Can you distinguish aged rums from unaged rums by smell,Can you distinguish aged rums from unaged rums by smell,analyze,analysis,pone.0230442.s002.docx,397,none,train
pone-row-51377f40dc4cad40,pone-question-4d343cd3ba3ef2f9,Can you distinguish pot still rums from column still rums by taste,Can you distinguish pot still rums from column still rums by taste,analyze,analysis,pone.0230442.s002.docx,398,none,train
pone-row-238a0c6323a2acc5,pone-question-d36ed62567e5b742,Inspect the pattern of GPS positions relative to the “known” published value,Inspect the pattern of GPS positions relative to the “known” published value,analyze,analysis,pone.0230442.s002.docx,399,none,train
pone-row-83f49ec31c3d0969,pone-question-3a0eeaabc85d2c14,How does your agency inspect against its expectation for operators,How does your agency inspect against its expectation for operators ,analyze,analysis,pone.0230442.s002.docx,400,none,validation
pone-row-654e1f8732fb77ca,pone-question-e50d8e3b35257fd5,How to inspect and maintain fresh water plumbing systems properly,How to inspect and maintain fresh water plumbing systems properly,analyze,analysis,pone.0230442.s002.docx,401,none,train
pone-row-85cd835e52e50163,pone-question-7da97c30339e9772,Can you analyze the fractures and determine which should be repaired surgically,Can you analyze the fractures and determine which should be repaired surgically,analyze,analysis,pone.0230442.s002.docx,402,none,train
pone-row-14a663efe4a0bb46,pone-question-3f30faf304cdf6ba,Can you please analyze modern contemporary culture and tell me how your work plays a significant part in the remains of our post-modernist culture ?,Can you please analyze modern contemporary culture and tell me how your work plays a significant part in the remains of our post-modernist culture ?,analyze,analysis,pone.0230442.s002.docx,403,none,validation
pone-row-a8bf34572c58218b,pone-question-531558da96a22c51,"How effectively did students analyze course content on race, class, and privilege through autobiographical reflection","How effectively did students analyze course content on race, class, and privilege through autobiographical reflection",analyze,analysis,pone.0230442.s002.docx,404,none,train
pone-row-ff74d1d6576636d6,pone-question-a170537ee2bc2860,How do you analyze a marginally RCT,How do you analyze a marginally RCT ,analyze,analysis,pone.0230442.s002.docx,405,none,train
pone-row-5a9950b8948ffb15,pone-question-c44fe01a0434864a,"Contrast the treatment of ""well known"" trademarks provided by Paris Article and by TRIPS Article","Contrast the treatment of ""well known"" trademarks provided by Paris Article and by TRIPS Article ",analyze,analysis,pone.0230442.s002.docx,406,missing_context,test
pone-row-70804894f987cb55,pone-question-48efa2181ec49be8,Contrast the Valles Marineris on Mars with the Grand Canyon,Contrast the Valles Marineris on Mars with the Grand Canyon,analyze,analysis,pone.0230442.s002.docx,407,none,train
pone-row-0462161b995b490e,pone-question-832aa9286fce30f1,How does Hawaii contrast and compare to Florida?,How does Hawaii contrast and compare to Florida?,analyze,analysis,pone.0230442.s002.docx,408,none,train
pone-row-634e06768ea96cd4,pone-question-71d0dcb3244a12c4,Investigate whether or not the system can be solved for x; y; z,Investigate whether or not the system can be solved for x; y; z ,analyze,analysis,pone.0230442.s002.docx,409,none,train
pone-row-ccf8a3fc3f9e8350,pone-question-b8fa978dc2aa26e8,Investigate (pointwise) convergence and absolute convergence of the given series of functions,Investigate (pointwise) convergence and absolute convergence of the given series of functions,analyze,analysis,pone.0230442.s002.docx,410,none,train
pone-row-51b697ce9a3730c0,pone-question-56af13ed8e2f1149,How would you investigate this patient,How would you investigate this patient,analyze,analysis,pone.0230442.s002.docx,411,none,train
pone-row-7b6b6462730b9b85,pone-question-ad005f928cba76d5,How would you investigate this abnormality,How would you investigate this abnormality,analyze,analysis,pone.0230442.s002.docx,412,none,train
pone-row-f99ada0f1df42729,pone-question-dfd4dd2d81c81733,What can I do to investigate this problem further,What can I do to investigate this problem further,analyze,analysis,pone.0230442.s002.docx,413,none,train
pone-row-010c0f707337f894,pone-question-83f2a3d2c753cd59,how the investigation was undertaken,how the investigation was undertaken,analyze,analysis,pone.0230442.s002.docx,414,none,train
pone-row-8155a7be868bb54b,pone-question-6b804e86ee0fd397,How would you differentiate between heterodox and mainstream,How would you differentiate between heterodox and mainstream,analyze,analysis,pone.0230442.s002.docx,415,none,train
pone-row-56d9b15f5fe75f92,pone-question-12bebf37054347ee,"How do I differentiate between ""deceive"" and ""cheat on""?","How do I differentiate between ""deceive"" and ""cheat on""?",analyze,analysis,pone.0230442.s002.docx,416,none,train
pone-row-85f9957c88f7e999,pone-question-bf02c4d23ef7d3be,Apply and integrate several different strategies to solve a mathematical problem (not according to one formula(,Apply and integrate several different strategies to solve a mathematical problem (not according to one formula(,create,synthesis,pone.0230442.s002.docx,467,none,train
pone-row-71ebb25e30087c22,pone-question-fdbbc842d505828c,Can you create new and unusual uses for . . .?,Can you create new and unusual uses for . . .?,create,synthesis,pone.0230442.s002.docx,468,none,train
pone-row-8f64b0f09437c70e,pone-question-f5c95c910fa8fdb0,Can you design a . . . to . . .?,Can you design a . . . to . . .?,create,synthesis,pone.0230442.s002.docx,469,none,train
pone-row-2e782d818d6ae85c,pone-question-190cb2a8e0a56124,Can you develop a proposal which would . . .?,Can you develop a proposal which would . . .?,create,synthesis,pone.0230442.s002.docx,470,none,test
pone-row-39ec0f5823938000,pone-question-1a6f9313a292ba3f,Can you invent another character for the story?,Can you invent another character for the story?,create,synthesis,pone.0230442.s002.docx,471,missing_context,train
pone-row-fbcbd756160310b6,pone-question-c0976d2d6892efc5,Can you see a possible solution to . . .?,Can you see a possible solution to . . .?,create,synthesis,pone.0230442.s002.docx,472,none,validation
pone-row-86ee2a4173dc4c64,pone-question-a91dc14c03ca53cf,Can you write a new recipe for a tasty dish?,Can you write a new recipe for a tasty dish?,create,synthesis,pone.0230442.s002.docx,473,none,validation
pone-row-cebbc897960ab564,pone-question-a9e628b9730691ec,Choose a character. Rewrite a scene from the story from this character's point of view.,Choose a character. Rewrite a scene from the story from this character's point of view.,create,synthesis,pone.0230442.s002.docx,474,missing_context,train
pone-row-60fcea7c91d83dcc,pone-question-c5c8b3c3aca7a9d6,Combine any two sports to develop a new Olympic sport.,Combine any two sports to develop a new Olympic sport.,create,synthesis,pone.0230442.s002.docx,475,none,train
pone-row-6d7110606e32251f,pone-question-255b2d63a017f128,"Combine elements of drama, music, and dance into a stage presentation.","Combine elements of drama, music, and dance into a stage presentation.",create,synthesis,pone.0230442.s002.docx,476,none,validation
pone-row-b02e7142f0274810,pone-question-81472cf5f733d300,Compose a class story.,Compose a class story.,create,synthesis,pone.0230442.s002.docx,477,missing_context,train
pone-row-71735996b1cf4f7c,pone-question-1b747d62be8a9916,Compose a dialogue between Atticus Finch and Tom Robinson when they first met.,Compose a dialogue between Atticus Finch and Tom Robinson when they first met.,create,synthesis,pone.0230442.s002.docx,478,none,train
pone-row-d85bb10f1a7f2da6,pone-question-93e502d44a67054d,Compose a rhythm or put new words to a known melody.,Compose a rhythm or put new words to a known melody.,create,synthesis,pone.0230442.s002.docx,479,none,validation
pone-row-14f3d7edd0987951,pone-question-611731542e2ef58a,Compose a simple rap or rhyme about zoo animals.,Compose a simple rap or rhyme about zoo animals.,create,synthesis,pone.0230442.s002.docx,480,none,train
pone-row-60b489a191106746,pone-question-04db4e90cd4a6745,Compose music for a frog play.,Compose music for a frog play.,create,synthesis,pone.0230442.s002.docx,481,none,train
pone-row-21806da0ded903ca,pone-question-1330d4fe31c4dcf0,Compose a complete C program that reads text strings from a text file into a suitable data,Compose a complete C program that reads text strings from a text file into a suitable data,create,synthesis,pone.0230442.s002.docx,482,missing_context,validation
pone-row-c87f0f70612ddae9,pone-question-66fc99970b496db8,Compose a device that would assist an athlete in their training.,Compose a device that would assist an athlete in their training.,create,synthesis,pone.0230442.s002.docx,483,none,train
pone-row-79b5c812814a1ab0,pone-question-c175047a7b05f1ca,Compose an original work which incorporates five common materials in sculpture.,Compose an original work which incorporates five common materials in sculpture.,create,synthesis,pone.0230442.s002.docx,484,none,train
pone-row-c83e806fc7fdce0c,pone-question-4e1c5c94cf059247,Compose your own note-taking design that incorporates all theadvantages of the Cornell Method.,Compose your own note-taking design that incorporates all theadvantages of the Cornell Method.,create,synthesis,pone.0230442.s002.docx,485,none,train
pone-row-2b67ab3212645854,pone-question-c0008073df5a8811,Create a chart that compares things that use electricity and things that do NOT use electricity.,Create a chart that compares things that use electricity and things that do NOT use electricity.,create,synthesis,pone.0230442.s002.docx,486,none,train
pone-row-aa081336ecc7777b,pone-question-31e33a716f28e75a,Create a new product. Give it a name and plan a marketing campaign.,Create a new product. Give it a name and plan a marketing campaign.,create,synthesis,pone.0230442.s002.docx,487,none,train
pone-row-a56ea54eb08983b5,pone-question-c587475d552aeb23,"Create a new song for the opening line of ""Mary had a little lamb"".","Create a new song for the opening line of ""Mary had a little lamb"".",create,synthesis,pone.0230442.s002.docx,488,none,train
pone-row-60fc8b3a183e148f,pone-question-6059f20e8d972412,Create a set of guidelines to determine the points of a plant susceptible to localized corrosion.,Create a set of guidelines to determine the points of a plant susceptible to localized corrosion.,create,synthesis,pone.0230442.s002.docx,489,none,train
pone-row-9ec33f09c5ef3a8d,pone-question-560faad8d051db0b,Create a storyboard for a sequel to your book. Use the same characters.,Create a storyboard for a sequel to your book. Use the same characters.,create,synthesis,pone.0230442.s002.docx,490,none,train
pone-row-b16bdbf11a0e229c,pone-question-f7d1def877128de6,Create an equation to represent the solution to this problem.,Create an equation to represent the solution to this problem.,create,synthesis,pone.0230442.s002.docx,491,none,validation
pone-row-19ff6b86315d29f8,pone-question-2f1449a0512aefee,Create and perform a play about frogs.,Create and perform a play about frogs.,create,synthesis,pone.0230442.s002.docx,492,none,train
pone-row-fabf842952b315e9,pone-question-5ddebce4927df6f7,Create plan of local environment by drawing around boxes.,Create plan of local environment by drawing around boxes.,create,synthesis,pone.0230442.s002.docx,493,none,train
pone-row-a39f2395f3fff1e6,pone-question-74bd8af25b91d8c5,Design a building according to given specifications,Design a building according to given specifications,create,synthesis,pone.0230442.s002.docx,494,none,train
pone-row-d33f6e3793de8052,pone-question-ee00f6f3e33bc012,design a cost effective strategy to generate reliable data.,design a cost effective strategy to generate reliable data.,create,synthesis,pone.0230442.s002.docx,495,none,train
pone-row-c15c8dfc981c929d,pone-question-6e84a3e05d3a4337,Design a machine to perform a specific task.,Design a machine to perform a specific task.,create,synthesis,pone.0230442.s002.docx,496,none,validation
pone-row-d7d918121ea6af73,pone-question-1e0a5023b46ee26f,Design a new animal to live in the jungle.,Design a new animal to live in the jungle.,create,synthesis,pone.0230442.s002.docx,497,none,train
pone-row-708a79fd2ddfe670,pone-question-b257e0be8248b801,Design a poster for this book.,Design a poster for this book.,create,synthesis,pone.0230442.s002.docx,498,none,test
pone-row-52210f671768a27e,pone-question-aedecf73ce7b9871,Design a testing scenario to assess the susceptibility of an alloy to be used in a given environment?,Design a testing scenario to assess the susceptibility of an alloy to be used in a given environment?,create,synthesis,pone.0230442.s002.docx,499,none,train
pone-row-d152015bb5dde71a,pone-question-b4fff646b888562e,Design and make an animal that moves.,Design and make an animal that moves.,create,synthesis,pone.0230442.s002.docx,500,none,train
pone-row-4a01feadbff87bf7,pone-question-0a49a7dea4146500,Design costumes for the characters.,Design costumes for the characters.,create,synthesis,pone.0230442.s002.docx,501,none,train
pone-row-2c744ade61750977,pone-question-efc1ef315250ffac,Design the architecture of the software system based on the requirements defined in the Software Requirement Specification document,Design the architecture of the software system based on the requirements defined in the Software Requirement Specification document,create,synthesis,pone.0230442.s002.docx,502,none,train
pone-row-6aefa3e51a7552dc,pone-question-7833641b871c4c21,Develop a hypothesis.,Develop a hypothesis.,create,synthesis,pone.0230442.s002.docx,503,very_short,train
pone-row-8503d5f1eb96254f,pone-question-4e85b33f8a8f981c,Develop a plan for a new Olympic Bid System.,Develop a plan for a new Olympic Bid System.,create,synthesis,pone.0230442.s002.docx,504,none,test
pone-row-7bf11f873d827c63,pone-question-c8c20dcf0d822c81,Develop a SQA Plan for a software development project which is defined in the attached document.,Develop a SQA Plan for a software development project which is defined in the attached document.,create,synthesis,pone.0230442.s002.docx,505,none,train
pone-row-53d7bded43cb3daa,pone-question-5936d025accade58,"Develop a way to teach the concept of ""adjectives"".","Develop a way to teach the concept of ""adjectives"".",create,synthesis,pone.0230442.s002.docx,506,none,validation
pone-row-8dc3a77e3bb374db,pone-question-6a47c1895a243629,Develop one plausible ending for all three short stories below.,Develop one plausible ending for all three short stories below.,create,synthesis,pone.0230442.s002.docx,507,missing_context,train
pone-row-8daf5f277309c122,pone-question-1feb946eb55259dc,Devise a new economic system based on the ones that already exist.,Devise a new economic system based on the ones that already exist.,create,synthesis,pone.0230442.s002.docx,508,none,train
pone-row-7ed1eafae2a22c35,pone-question-e340bd146f3d2218,Devise plans to market or make artwork more valuable.,Devise plans to market or make artwork more valuable.,create,synthesis,pone.0230442.s002.docx,509,none,train
pone-row-14b0547cb1a15954,pone-question-984e9e7a089969c7,Draw a painting that uses various principles of perspective to achieve its effect.,Draw a painting that uses various principles of perspective to achieve its effect.,create,synthesis,pone.0230442.s002.docx,510,none,test
pone-row-ad9c3d81026f4c43,pone-question-757e93a9d6aeec63,"Explain how the biological concept of symbiotic relationships could be used to help solve socially created problems like water pollution, overflowing garbage landfills, or homelessness.","Explain how the biological concept of symbiotic relationships could be used to help solve socially created problems like water pollution, overflowing garbage landfills, or homelessness.",create,synthesis,pone.0230442.s002.docx,511,none,validation
pone-row-083628f330999133,pone-question-b6cacbff7a7e7539,Explain why it is likely that a matriarchal family system would be found in a matrilocal or matrilineal society.,Explain why it is likely that a matriarchal family system would be found in a matrilocal or matrilineal society.,create,synthesis,pone.0230442.s002.docx,512,none,validation
pone-row-c71b2be4d6cee1c9,pone-question-bcf45dedb2c2797e,"Following the identification of the forms of corrosion that were involved in a failure, recommend a solution to avoid this failure?","Following the identification of the forms of corrosion that were involved in a failure, recommend a solution to avoid this failure?",create,synthesis,pone.0230442.s002.docx,513,missing_context,validation
pone-row-52ece4ae90f886c0,pone-question-cd97dc4537cf5d60,Given two opposing theories design an experiment to compare them.,Given two opposing theories design an experiment to compare them.,create,synthesis,pone.0230442.s002.docx,514,none,validation
pone-row-aab17ff61e84ec04,pone-question-685593fa8d2e0670,How could we determine the number of pennies in a jar without counting them?,How could we determine the number of pennies in a jar without counting them?,create,synthesis,pone.0230442.s002.docx,515,none,train
pone-row-05127489f6d81271,pone-question-2c7a496b131a0a1d,How could you re-write this story with a city setting?,How could you re-write this story with a city setting?,create,synthesis,pone.0230442.s002.docx,516,missing_context,test
pone-row-2501766c9766cec1,pone-question-9106127c929786f3,"how do the clauses and expressions given in the article which replace GOTO statements, lead to the three traditional control statements","how do the clauses and expressions given in the article which replace GOTO statements, lead to the three traditional control statements",create,synthesis,pone.0230442.s002.docx,517,missing_context,train
pone-row-e32fd4f115c687b2,pone-question-4b71b7342ec91e78,How many ways can you . . .?,How many ways can you . . .?,create,synthesis,pone.0230442.s002.docx,518,none,test
pone-row-06179f798155ccd0,pone-question-95153e138491fb1c,How would the U.S.A. be different if the South had won the Civil War?,How would the U.S.A. be different if the South had won the Civil War?,create,synthesis,pone.0230442.s002.docx,519,none,validation
pone-row-d6c3400fe559e3e9,pone-question-4f9b1c1e78c1c735,How would you change the story to create a different ending?,How would you change the story to create a different ending?,create,synthesis,pone.0230442.s002.docx,520,missing_context,validation
pone-row-b451e14e72c0de47,pone-question-3f3d99705262e295,How would you create/design a new...?,How would you create/design a new...?,create,synthesis,pone.0230442.s002.docx,521,placeholder,train
pone-row-7ff8fdc21954e015,pone-question-bdea7c1156746154,How would you restructure the school day to reflect children's developmental needs?,How would you restructure the school day to reflect children's developmental needs?,create,synthesis,pone.0230442.s002.docx,522,none,train
pone-row-c1aad39885931076,pone-question-19f0e5852da84e7d,Identify one problem in the book and give an alternate solution one not given by the author.,Identify one problem in the book and give an alternate solution one not given by the author.,create,synthesis,pone.0230442.s002.docx,523,none,train
pone-row-d3d4b6b390f99cd6,pone-question-53b6ebcf90eb1999,If you had access to all resources how would you deal with . . .?,If you had access to all resources how would you deal with . . .?,create,synthesis,pone.0230442.s002.docx,524,none,train
pone-row-ca6972121ae008f8,pone-question-255db9d5baafd924,Integrate training from several sources to solve a problem.,Integrate training from several sources to solve a problem.,create,synthesis,pone.0230442.s002.docx,525,none,train
pone-row-88ef3136e50421ac,pone-question-25e97c9ffccaca2a,Invent a machine to do a specific task.,Invent a machine to do a specific task.,create,synthesis,pone.0230442.s002.docx,526,none,test
pone-row-4eb7d1dbdf596fb5,pone-question-5df60bb18b49a6ed,Justify your choice of data structure.,Justify your choice of data structure.,create,synthesis,pone.0230442.s002.docx,527,none,train
pone-row-4f3311b1a9351f93,pone-question-7687d913c73c4494,Make a radio announcement that advertise the book. Write it out.,Make a radio announcement that advertise the book. Write it out.,create,synthesis,pone.0230442.s002.docx,528,none,validation
pone-row-134a07c5e810a423,pone-question-6671957fc763da5e,Make up a new language code and write material using it.,Make up a new language code and write material using it.,create,synthesis,pone.0230442.s002.docx,529,none,test
pone-row-9f662b1cf7293e88,pone-question-82272c398400f312,Name one character. Rewrite the story from this character's point of view.,Name one character. Rewrite the story from this character's point of view.,create,synthesis,pone.0230442.s002.docx,530,missing_context,train
pone-row-cbe7e0e4a377106e,pone-question-d8e1a2d44009eb44,Organize this book into three or more sections and give your own subtitle for each section.,Organize this book into three or more sections and give your own subtitle for each section.,create,synthesis,pone.0230442.s002.docx,531,none,train
pone-row-5ad8bd92ef894606,pone-question-de659a9f61d627dc,Plan a research paper on a given historical topic,Plan a research paper on a given historical topic,create,synthesis,pone.0230442.s002.docx,532,none,train
pone-row-89e76adbce252ccd,pone-question-0348db171da9dabc,Predict the differences of a planet with no seasonal changes.,Predict the differences of a planet with no seasonal changes.,create,synthesis,pone.0230442.s002.docx,533,none,train
pone-row-507cc5c4b3960670,pone-question-626d7d9254265781,Prepare a book jacket that illustrates the kind of book as well as the story.,Prepare a book jacket that illustrates the kind of book as well as the story.,create,synthesis,pone.0230442.s002.docx,534,missing_context,train
pone-row-a6be675746002b22,pone-question-f515848ae93ba474,Pretend you are a librarian recommending this book to someone. Write a paragraph telling what you would say.,Pretend you are a librarian recommending this book to someone. Write a paragraph telling what  you would say.,create,synthesis,pone.0230442.s002.docx,535,none,train
pone-row-530f221c8db2aa5f,pone-question-1b34327fd4de9b25,Revise and process to improve the outcome.,Revise and process to improve the outcome.,create,synthesis,pone.0230442.s002.docx,536,none,train
pone-row-09e1c103e432b41c,pone-question-a112d9697c94009a,Revise how to complete a complex task in order to improve the outcome.,Revise how to complete a complex task in order to improve the outcome.,create,synthesis,pone.0230442.s002.docx,537,none,train
pone-row-34220fbbbc6db903,pone-question-4b59ce00a3dedea3,Revises and process to improve the outcome.,Revises and process to improve the outcome.,create,synthesis,pone.0230442.s002.docx,538,none,train
pone-row-ef0811f5ac49111b,pone-question-a4e58c0dc026d557,"structure, sorts the list in ascending order, displays the list on the screen and stores the list","structure, sorts the list in ascending order, displays the list on the screen and stores the list",create,synthesis,pone.0230442.s002.docx,539,none,validation
pone-row-b32cd2103b454209,pone-question-fd3642ae486c726a,Suppose Phillip wasn't rescued shortly after Timothy's death. How long could he have survived?,Suppose Phillip wasn't rescued shortly after Timothy's death. How long could he have survived?,create,synthesis,pone.0230442.s002.docx,540,none,train
pone-row-21d261fc73322d00,pone-question-f8ca8d4641cdb66d,"Using information from the book about one of the main characters, rewrite the ending of the book.","Using information from the book about one of the main characters, rewrite the ending of the book.",create,synthesis,pone.0230442.s002.docx,541,none,test
pone-row-1682b62aa393a819,pone-question-668a22f1d415a544,What ideas can you add to...?,What ideas can you add to...?,create,synthesis,pone.0230442.s002.docx,542,placeholder,train
pone-row-d281a7874bd7ebb8,pone-question-266c972f9b8b3b91,What might happen if you combined...?,What might happen if you combined...?,create,synthesis,pone.0230442.s002.docx,543,placeholder,test
pone-row-5d0650c56e8a9bc0,pone-question-5db3867ca4868fc7,What solutions would you suggest for...?,What solutions would you suggest for...?,create,synthesis,pone.0230442.s002.docx,544,placeholder,train
pone-row-e92901b02c973e26,pone-question-2c968dbfda07ecfa,What would happen if . . .?,What would happen if . . .?,create,synthesis,pone.0230442.s002.docx,545,none,test
pone-row-c899fca567bf88d2,pone-question-8fc7e944017f5518,What would you predict/infer from...?,What would you predict/infer from...?,create,synthesis,pone.0230442.s002.docx,546,placeholder,train
pone-row-057cc088465a96f9,pone-question-33f5448e2944830e,Why don’t you devise your own way to deal with . . .?,Why don’t you devise your own way to deal with . . .?,create,synthesis,pone.0230442.s002.docx,547,none,train
pone-row-35a3c1a53fd587a6,pone-question-69a015246aefb5a9,Why not compose a song about . . .?,Why not compose a song about . . .?,create,synthesis,pone.0230442.s002.docx,548,none,train
pone-row-13c415eb60bfd49e,pone-question-b0644c74d5a26e32,"Write a C program that accepts integer inputs from the screen, computes the total and average values; and displays the values on the screen.","Write a C program that accepts integer inputs from the screen, computes the total and average values; and displays the values on the screen.",create,synthesis,pone.0230442.s002.docx,549,none,train
pone-row-713175bde8b10f1c,pone-question-d77b79ea53298a77,Write a letter to the editor on a social issue of concern to you.,Write a letter to the editor on a social issue of concern to you.,create,synthesis,pone.0230442.s002.docx,550,none,train
pone-row-32bdb1107156008f,pone-question-9e1da754d34a7c59,Write a logically organized argument in favor of a given position.,Write a logically organized argument in favor of a given position.,create,synthesis,pone.0230442.s002.docx,551,none,train
pone-row-fc64acc180cf9f8e,pone-question-9628196e9299004e,Write a poem about this book.,Write a poem about this book.,create,synthesis,pone.0230442.s002.docx,552,none,train
pone-row-a406a21baa7eb1fb,pone-question-e0fc327f04a3aff1,Write a set of rules to prevent what happened in the story.,Write a set of rules to prevent what happened in the story.,create,synthesis,pone.0230442.s002.docx,553,missing_context,train
pone-row-915f782b5ab00fa8,pone-question-9ef1c220241d82dc,Write a short story relating a personal experience in the style of a picaresque novel.,Write a short story relating a personal experience in the style of a picaresque novel.,create,synthesis,pone.0230442.s002.docx,554,missing_context,train
pone-row-865b96af44761b1a,pone-question-aef212a8a0763eba,Write a song about 'Old MacDonald' who had a bulldozer instead of a farm.,Write a song about 'Old MacDonald' who had a bulldozer instead of a farm.,create,synthesis,pone.0230442.s002.docx,555,none,train
pone-row-d08707eeb3da3534,pone-question-92d28802cdc8f403,Write an essay in not more than 250 words about India and Technological Advancement. Use active voice as much as possible.,Write an essay in not more than 250 words about India and Technological Advancement. Use active voice as much as possible.,create,synthesis,pone.0230442.s002.docx,556,none,train
pone-row-1783f7dd58a3a026,pone-question-cfd5b49e7af17b71,How do you combine the results of various individual tests to determine whether a student can progress to a next semester / phase / year?,How do you combine the results of various individual tests to determine whether a student can progress to a next semester / phase / year?,create,synthesis,pone.0230442.s002.docx,557,none,train
pone-row-b5770f6cadba6909,pone-question-d4ea33e07efff7fd,How can we combine and abstract facts about a software system to create new knowledge?, How can we combine and abstract facts about a software system to create new knowledge?,create,synthesis,pone.0230442.s002.docx,558,none,test
pone-row-8546007cd86d9c74,pone-question-9b6a8e53d5355b3c,How to combine virtual symmetry and symbolic model checking effectively,How to combine virtual symmetry and symbolic model checking effectively,create,synthesis,pone.0230442.s002.docx,559,none,train
pone-row-0467276eec093eda,pone-question-5eaab52930cbdc60,How do we efficiently combine multiple subject graphs to construct an aig with choice,How do we efficiently combine multiple subject graphs to construct an aig with choice,create,synthesis,pone.0230442.s002.docx,560,none,train
pone-row-567edc2bb38ae42e,pone-question-7499d4a57c550aeb,how do we devise a way to enforce the laws,how do we devise a way to enforce the laws,create,synthesis,pone.0230442.s002.docx,561,none,train
pone-row-310d88489d2ef096,pone-question-491377480eaa8a14,can you devise an explicit formula for,can you devise an explicit formula for,create,synthesis,pone.0230442.s002.docx,562,none,train
pone-row-0a2e932d9715a088,pone-question-9b11749b0b0a7e53,Do you devise a systematic approach in order to get larger progressions,Do you devise a systematic approach in order to get larger progressions,create,synthesis,pone.0230442.s002.docx,563,none,train
pone-row-3e2ca51aa087e9cd,pone-question-ca0c8c5d676eb5c1,Develop and execute a program for this exercise,Develop and execute a program for this exercise,create,synthesis,pone.0230442.s002.docx,564,none,train
pone-row-c1195be4db9fae3d,pone-question-ddf37f7f1f56d0a2,Develop a network based on the following information: Activity Immediate predecessors, Develop a network based on the following information: Activity Immediate predecessors,create,synthesis,pone.0230442.s002.docx,565,missing_context,train
pone-row-efb8edeb72774329,pone-question-7b67d4a3f4c7a1e2,How could we develop a coherent measure of success for organisations engaged in this type of activity with young people?,How could we develop a coherent measure of success for organisations engaged in this type of activity with young people?,create,synthesis,pone.0230442.s002.docx,566,none,train
pone-row-d35e6c6c4dfd0cc0,pone-question-6c2b7f5f783ed0ed,"After designing an experiment, examining the results, and drawing conclusions, determines in what ways the experiment could be conducted more effectively in order to draw more productive conclusions in the future.","After designing an experiment, examining the results, and drawing conclusions, determines in what ways the experiment could be conducted more effectively in order to draw more productive conclusions in the future.",evaluate,evaluation,pone.0230442.s002.docx,572,none,train
pone-row-28fa277927ec93f7,pone-question-a90df08d9f8737c7,"After examining the videotape of a play in a football game, determine the degree to which the defensive team performed effectively and","After examining the videotape of a play in a football game, determine the degree to which the defensive team performed effectively and",evaluate,evaluation,pone.0230442.s002.docx,573,none,test
pone-row-d7482fb8c3c4da48,pone-question-7b49ef4035c3eb10,"After solving a problem, determine the degree to which the problem was solved as efficiently as possible","After solving a problem, determine the degree to which the problem was solved as efficiently as possible ",evaluate,evaluation,pone.0230442.s002.docx,574,none,train
pone-row-c021aa06d7d4798e,pone-question-db9bdcc9e5a75117,Appraise data in support of a hypothesis.,Appraise data in support of a hypothesis.,evaluate,evaluation,pone.0230442.s002.docx,575,none,train
pone-row-ac0909be82c796a5,pone-question-baff3e8a8e13b84a,Appraise the speech's effectiveness based upon the class' criteria.,Appraise the speech's effectiveness based upon the class' criteria.,evaluate,evaluation,pone.0230442.s002.docx,576,none,train
pone-row-4fbab6cd9a418e8c,pone-question-e193bca5e3efca18,Are there students who should not use the Cornell method?,Are there students who should not use the Cornell method?,evaluate,evaluation,pone.0230442.s002.docx,577,none,train
pone-row-18fb0fcf5bfddfb8,pone-question-97461c1731b8f4b9,Are you a . . . person?,Are you a . . . person?,evaluate,evaluation,pone.0230442.s002.docx,578,none,train
pone-row-bd0094d19f6c5128,pone-question-735490a6f48ac147,Assess the appropriateness of an author's conclusions based on the evidence given.,Assess the appropriateness of an author's conclusions based on the evidence given.,evaluate,evaluation,pone.0230442.s002.docx,579,none,train
pone-row-e1ac20b607347853,pone-question-6b7b339a88491822,Assess the importance of understanding seasonal patters.,Assess the importance of understanding seasonal patters.,evaluate,evaluation,pone.0230442.s002.docx,580,none,train
pone-row-66156ce0dd5bf940,pone-question-c42888de2e7a2218,Assess the relative effectiveness of different graphical representations of the same data or biological concept.,Assess the relative effectiveness of different graphical representations of the same data or biological concept.,evaluate,evaluation,pone.0230442.s002.docx,581,none,train
pone-row-59ca33db7b8f3645,pone-question-e121dc812938906b,Assess the strengths and weaknesses of the current Olympics and recommend action that should be taken in future Olympics: What can be,Assess the strengths and weaknesses of the current Olympics and recommend action that should be taken in future Olympics: What can be,evaluate,evaluation,pone.0230442.s002.docx,582,none,train
pone-row-93b4697ac36b661e,pone-question-c5438ecb124bab05,"Award the contract to the best proposal. Rank the principles of ""good sportsmanship"" in order of importance to you.","Award the contract to the best proposal. Rank the principles of ""good sportsmanship"" in order of importance to you.",evaluate,evaluation,pone.0230442.s002.docx,583,none,train
pone-row-1bf84c766e471cfb,pone-question-f3aa739d0b74456e,Can you defend the idea that Simon's incident with the pig's head is the most mystical in the story?,Can you defend the idea that Simon's incident with the pig's head is the most mystical in the story?,evaluate,evaluation,pone.0230442.s002.docx,584,missing_context,train
pone-row-c8f7ead5a5221983,pone-question-611c75315a539fab,Can you defend your position about . . .?,Can you defend your position about . . .?,evaluate,evaluation,pone.0230442.s002.docx,585,none,train
pone-row-41cf21d29668d3c6,pone-question-53a6b03ef0b6bc35,Choose a paint schedule for the maintenance of an outdoor structure? (level 2),Choose a paint schedule for the maintenance of an outdoor structure? (level 2) ,evaluate,evaluation,pone.0230442.s002.docx,586,none,train
pone-row-293c3ffdfc3914af,pone-question-f23596a8b831aeab,Choose and illustrate the two most important events in the story.,Choose and illustrate the two most important events in the story.,evaluate,evaluation,pone.0230442.s002.docx,587,missing_context,train
pone-row-f8997c63b5667306,pone-question-2c91d28ae0aef395,Conclude and support which economic system leads to a higher standard of living.,Conclude and support which economic system leads to a higher standard of living.,evaluate,evaluation,pone.0230442.s002.docx,588,none,validation
pone-row-6ce1e879f6aebeb8,pone-question-8d415db448ebaca7,Construct a poster that will advertise your new food product in an exciting and irresistible way.,Construct a poster that will advertise your new food product in an exciting and irresistible way.,evaluate,evaluation,pone.0230442.s002.docx,589,none,train
pone-row-686eccb71174da02,pone-question-4f085fc35b017bb9,Critique an experimental design or a research proposal.,Critique an experimental design or a research proposal.,evaluate,evaluation,pone.0230442.s002.docx,590,none,train
pone-row-0819ec069b1a5d90,pone-question-b21721255c24cb66,"Critique the other student's (or your own) speech, based on the criteria we have studied this semester.","Critique the other student's (or your own) speech, based on the criteria we have studied this semester.",evaluate,evaluation,pone.0230442.s002.docx,591,none,train
pone-row-ea3fe0a30f185f31,pone-question-ac714d27e49cb0a9,Decide whether you are in favor of building on a floodplain; defend your position in a debate.,Decide whether you are in favor of building on a floodplain; defend your position in a debate.,evaluate,evaluation,pone.0230442.s002.docx,592,none,train
pone-row-7606c0fb4d57feb1,pone-question-38f1c16672318b93,Decide whether you could have survived on the island blind and alone. Write about things that would have been challenging making sure to,Decide whether you could have survived on the island blind and alone. Write about things that would have been challenging making sure to,evaluate,evaluation,pone.0230442.s002.docx,593,none,validation
pone-row-1b485d229ae2b29e,pone-question-29fb6deab153d7b7,Decide whether you learned enough about electricity from this book.,Decide whether you learned enough about electricity from this book.,evaluate,evaluation,pone.0230442.s002.docx,594,none,train
pone-row-5d307c405832183f,pone-question-390d0c0241028131,Decide which candidate would best fill the position of principal.,Decide which candidate would best fill the position of principal.,evaluate,evaluation,pone.0230442.s002.docx,595,none,train
pone-row-7bb450c645a701b3,pone-question-38a9860f3f1c6bc7,Decide which course of action was most effective,Decide which course of action was most effective ,evaluate,evaluation,pone.0230442.s002.docx,596,none,test
pone-row-5d801d2728c13434,pone-question-1d4678c578d51917,Decide which method of solving a problem was most effective,Decide which method of solving a problem was most effective ,evaluate,evaluation,pone.0230442.s002.docx,597,none,test
pone-row-1d9f768718d84adc,pone-question-52e11d96dde5a84b,Defend the following claim: The Cornell method works so well that it could turn even a poor lecture into a valuable learning experience.,Defend the following claim: The Cornell method works so well that it could turn even a poor lecture into a valuable learning experience.,evaluate,evaluation,pone.0230442.s002.docx,598,missing_context,train
pone-row-906bd03f5e6fdfdb,pone-question-117c244c6944ed37,Defend your use of a specific strategy in solving the problem.,Defend your use of a specific strategy in solving the problem.,evaluate,evaluation,pone.0230442.s002.docx,599,none,validation
pone-row-2cf3668587133a2e,pone-question-4e6fa9fa87abae4e,Describe the economic consequence of a neolocal society. Support your description with information you have learned from this course.,Describe the economic consequence of a neolocal society. Support your description with information you have learned from this course.,evaluate,evaluation,pone.0230442.s002.docx,600,none,train
pone-row-052b0d2304282736,pone-question-056867c79b1660a5,Design a healthy menu that you think most people would enjoy using the healthy eating guide.,Design a healthy menu that you think most people would enjoy using the healthy eating guide.,evaluate,evaluation,pone.0230442.s002.docx,601,none,train
pone-row-ab19c8752eed8550,pone-question-6bb8e35e60f83133,Determine if a character’s actions were heroic,Determine if a character’s actions were heroic ,evaluate,evaluation,pone.0230442.s002.docx,602,none,train
pone-row-f14a7b9583b3be31,pone-question-68800965e590d96c,Do you agree...?,Do you agree...?,evaluate,evaluation,pone.0230442.s002.docx,603,placeholder|very_short,train
pone-row-9613a481020f1a55,pone-question-18303c87bf67ee76,Do you think . . . is a good or a bad thing?,Do you think . . . is a good or a bad thing?,evaluate,evaluation,pone.0230442.s002.docx,604,none,train
pone-row-1f91ff30a7f3b7fd,pone-question-9b639faa9988ccfd,Establish criteria for making this choice and defend your final selection.,Establish criteria for making this choice and defend your final selection.,evaluate,evaluation,pone.0230442.s002.docx,605,none,validation
pone-row-d2d58ecdef996001,pone-question-f48a6137690887c6,"Evaluate a work of art, giving the reasons for your evaluation.","Evaluate a work of art, giving the reasons for your evaluation.",evaluate,evaluation,pone.0230442.s002.docx,606,none,validation
pone-row-feef7984f60750c6,pone-question-cdea0eb2fbe69c47,Evaluate appropriate and inappropriate actions of characters.,Evaluate appropriate and inappropriate actions of characters.,evaluate,evaluation,pone.0230442.s002.docx,607,none,train
pone-row-874d8355e9a08bf2,pone-question-7d50a763388e6365,Evaluate board games and justify why rules are important.,Evaluate board games and justify why rules are important.,evaluate,evaluation,pone.0230442.s002.docx,608,none,validation
pone-row-279fdde68113c5ad,pone-question-e302c958eb28759d,Evaluate the corrosion monitoring needs of a chemical processing plant,Evaluate the corrosion monitoring needs of a chemical processing plant ,evaluate,evaluation,pone.0230442.s002.docx,609,none,train
pone-row-b8d82f6705d15e17,pone-question-d03b7a71eb5d1cab,Evaluate the level of galvanic coupling between two metals using basic kinetic information? (level 4),Evaluate the level of galvanic coupling between two metals using basic kinetic information? (level 4) ,evaluate,evaluation,pone.0230442.s002.docx,610,none,train
pone-row-b08fff7d349a82ee,pone-question-93f5aa616ef34b6c,Evaluate two Internet sources of information about the Egyptians. Which would be a better choice for your purpose and why?,Evaluate two Internet sources of information about the Egyptians. Which would be a better choice for your purpose and why?,evaluate,evaluation,pone.0230442.s002.docx,611,none,validation
pone-row-0d86ff539d18e06c,pone-question-4ea80933433305ce,Evaluate whether their model is a true representation of the local environment.,Evaluate whether their model is a true representation of the local environment.,evaluate,evaluation,pone.0230442.s002.docx,612,none,train
pone-row-79ec8baa4600fe67,pone-question-06c27c4be888d32a,Evaluate your own or a peer's essay in terms of the principles of composition discussed during the semester.,Evaluate your own or a peer's essay in terms of the principles of composition discussed during the semester.,evaluate,evaluation,pone.0230442.s002.docx,613,none,train
pone-row-1b5bfa6268ae5379,pone-question-c94bde026f28e559,Examine the stated positions of both major political candidates with regard to a particular issue and state good reasons (based on principles discussed in class) for why one candidates position is more likely to be effective than the other's.,Examine the stated positions of both major political candidates with regard to a particular issue and state good reasons (based on principles discussed in class) for why one candidates position is more likely to be effective than the other's.,evaluate,evaluation,pone.0230442.s002.docx,614,none,train
pone-row-114a3f65b3994e79,pone-question-c3dfa3f457c5495b,Explain and justify a new budget.,Explain and justify a new budget.,evaluate,evaluation,pone.0230442.s002.docx,615,none,train
pone-row-56c478a246fb9399,pone-question-0fad863f05457677,Explain choices made in making recommendations to an end user.,Explain choices made in making recommendations to an end user.,evaluate,evaluation,pone.0230442.s002.docx,616,none,train
pone-row-51f84b8373202e76,pone-question-d8a364b765d4170f,"Given an argument on any position, enumerate the logical fallacies in that argument.","Given an argument on any position, enumerate the logical fallacies in that argument.",evaluate,evaluation,pone.0230442.s002.docx,617,none,test
pone-row-684d9b99fdf7a980,pone-question-867e68ffd1252a8e,"Given the data available on a research question, take a position and defend it.","Given the data available on a research question, take a position and defend it.",evaluate,evaluation,pone.0230442.s002.docx,618,none,test
pone-row-d5b5bef0e634973d,pone-question-27a2071b1454fe2c,"Given the data we've looked at on this topic, evaluate how appropriate this conclusion is and defend your answer.","Given the data we've looked at on this topic, evaluate how appropriate this conclusion is and defend your answer.",evaluate,evaluation,pone.0230442.s002.docx,619,none,train
pone-row-f974ef6e50b1f793,pone-question-ae209828cbd4e41c,"Given the two solutions to the stated programming problem, rate the solutions in terms of efficiency and readability.","Given the two solutions to the stated programming problem, rate the solutions in  terms of efficiency and readability.",evaluate,evaluation,pone.0230442.s002.docx,620,none,train
pone-row-2a13b58441aebc56,pone-question-48144e2b090f2a56,"Given three possible approaches to implement the defined system, discuss the possible advantages and disadvantages of each approach.","Given three possible approaches to implement the defined system, discuss the possible advantages and disadvantages of each approach.",evaluate,evaluation,pone.0230442.s002.docx,621,none,train
pone-row-62109ef25e4efa49,pone-question-b9b1870b3ad3c74f,"Given two possible solutions, A and B, to solving the given software development problem, decide on the best solution. Give your justification.","Given two possible solutions, A and B, to solving the given software development problem, decide on the best solution. Give your justification.",evaluate,evaluation,pone.0230442.s002.docx,622,none,train
pone-row-9b0ca72de549e9d2,pone-question-dfa7c6d38d4a82af,How effective are . . .?,How effective are . . .?,evaluate,evaluation,pone.0230442.s002.docx,623,very_short,test
pone-row-0ead02d5f687356a,pone-question-45b793d6256f62c0,How would you decide about...?,How would you decide about...?,evaluate,evaluation,pone.0230442.s002.docx,624,placeholder,train
pone-row-5bfb6b926eddb669,pone-question-7624674c5f14426a,How would you feel if . . .?,How would you feel if . . .?,evaluate,evaluation,pone.0230442.s002.docx,625,none,test
pone-row-efafdb8a02490a4d,pone-question-879c07dbb25348f6,How would you have handled . . .?,How would you have handled . . .?,evaluate,evaluation,pone.0230442.s002.docx,626,none,test
pone-row-4ef977383d3cd05e,pone-question-f6d65be9ebe59b2f,"improved, reformed or rejected?","improved, reformed or rejected?",evaluate,evaluation,pone.0230442.s002.docx,627,none,validation
pone-row-c5e53634696a3544,pone-question-d1ef0fae53414b59,"In a given clinical situation, select the most reasonable intervention and predict the main effects and possible side effects.","In a given clinical situation, select the most reasonable intervention and predict the main effects and possible side effects.",evaluate,evaluation,pone.0230442.s002.docx,628,none,validation
pone-row-a1fc748026ac5078,pone-question-6c7c27d550c51c90,Is there a better solution to . . .?,Is there a better solution to . . .?,evaluate,evaluation,pone.0230442.s002.docx,629,none,test
pone-row-0c88063384c61867,pone-question-c8171a67663df8bb,Judge aesthetic qualities and relationship to future values.,Judge aesthetic qualities and relationship to future values.,evaluate,evaluation,pone.0230442.s002.docx,630,none,test
pone-row-e03268a1b6a64a41,pone-question-6d088d0a13f461bf,judge the difficulty level for yourself.,judge the difficulty level for yourself.,evaluate,evaluation,pone.0230442.s002.docx,631,none,train
pone-row-6989c1acf3052813,pone-question-578880c93b4b868f,Judge the value of . . .?,Judge the value of . . .?,evaluate,evaluation,pone.0230442.s002.docx,632,none,train
pone-row-7e04a6b7c7a6e913,pone-question-c66b84a011b99cab,Judge whether it would be possible to survive on an island alone and blinded. Write about it.,Judge whether it would be possible to survive on an island alone and blinded. Write about it.,evaluate,evaluation,pone.0230442.s002.docx,633,none,train
pone-row-591cdc5f139c8c4b,pone-question-8435ffb3acdc680a,Judge whether Olympic Ideals are realistic or unrealistic for the contemporary elite athlete.,Judge whether Olympic Ideals are realistic or unrealistic for the contemporary elite athlete.,evaluate,evaluation,pone.0230442.s002.docx,634,none,train
pone-row-f245c383390cd824,pone-question-733b47db0a53a12d,Justify and nominate ways to prevent animal extinction.,Justify and nominate ways to prevent animal extinction.,evaluate,evaluation,pone.0230442.s002.docx,635,none,train
pone-row-88b8382540521570,pone-question-011b3735f3cacaf8,Justify the title To Kill a Mockingbird .,Justify the title To Kill a Mockingbird .,evaluate,evaluation,pone.0230442.s002.docx,636,none,test
pone-row-0a24de808375a906,pone-question-7e855eac95245350,Listen to two classmates conversing on tape and critique their performance on the basis of the skills covered this semester.,Listen to two classmates conversing on tape and critique their performance on the basis of the skills covered this semester.,evaluate,evaluation,pone.0230442.s002.docx,637,none,train
pone-row-ea49c0162830954b,pone-question-edbe68bc4c1d2f00,Place the following in order of priority...,Place the following in order of priority...,evaluate,evaluation,pone.0230442.s002.docx,638,placeholder|missing_context,train
pone-row-3884a8fdaa819c4b,pone-question-548d8c4dc300b960,Predict what will happen next in.,Predict what will happen next in.,evaluate,evaluation,pone.0230442.s002.docx,639,none,validation
pone-row-3309b4722ebab372,pone-question-b5d143ad980ed464,Predict whether Phillip will ever go back to visit the Cay after several years of recovery. Assuming he gets his sight back.,Predict whether Phillip will ever go back to visit the Cay after several years of recovery. Assuming he gets his sight back.,evaluate,evaluation,pone.0230442.s002.docx,640,none,train
pone-row-d0333b4b38ddb3f8,pone-question-ac47fdd8d1c09d28,Recommend how our classroom or playground could be improved.,Recommend how our classroom or playground could be improved.,evaluate,evaluation,pone.0230442.s002.docx,641,none,train
pone-row-d9024a38ea0ecbf6,pone-question-2b34d7789dddfaec,Select the best proposal for a proposed water treatment plant.,Select the best proposal for a proposed water treatment plant.,evaluate,evaluation,pone.0230442.s002.docx,642,none,train
pone-row-b1d367044915d259,pone-question-64dbd636dc13069a,Select the most effective solution.,Select the most effective solution.,evaluate,evaluation,pone.0230442.s002.docx,643,none,train
pone-row-778f6f4b4130fa5b,pone-question-88e2260d5cf2960a,suggest ways in which it could have responded more effectively,suggest ways in which it could have responded more effectively,evaluate,evaluation,pone.0230442.s002.docx,644,none,validation
pone-row-7c04bac962965163,pone-question-42bee1c77c9b43b4,decide about the most exciting part of the book. being sure to give at least three reasons why?,decide about the most exciting part of the book. being sure to give at least three reasons why?,evaluate,evaluation,pone.0230442.s002.docx,645,none,validation
pone-row-29d8bef49ac6e237,pone-question-3fef158a2dd9e14a,Use a judge and jury to discuss the statement 'Children enjoy Anthony Browne's books because of the illustrations'.,Use a judge and jury to discuss the statement 'Children enjoy Anthony Browne's books because of the illustrations'.,evaluate,evaluation,pone.0230442.s002.docx,646,none,validation
pone-row-14053d9a630f7a60,pone-question-d643ab3d1450bbf4,"Using straight value depreciation, decide between two copper-nickel alloys for the design of a heat exchanger.","Using straight value depreciation, decide between two copper-nickel alloys for the design of a heat exchanger.  ",evaluate,evaluation,pone.0230442.s002.docx,647,none,train
pone-row-03defdea4fd4c621,pone-question-537c36f93082c394,"Using the basic principles of socialism discussed in this course, evaluate the US economic system by providing key arguments to support your judgment.","Using the basic principles of socialism discussed in this course, evaluate the US economic system by providing key arguments to support your judgment.",evaluate,evaluation,pone.0230442.s002.docx,648,none,train
pone-row-8141495995ba80de,pone-question-3aea2a95b171e623,Was Hemingway a great American writer? First you will need to define greatness.,Was Hemingway a great American writer? First you will need to define greatness.,evaluate,evaluation,pone.0230442.s002.docx,649,none,train
pone-row-888802ecaf992b67,pone-question-5fd492b4479d9489,What changes to . . . would you recommend?,What changes to . . . would you recommend?,evaluate,evaluation,pone.0230442.s002.docx,650,none,test
pone-row-885b9b539d4d6cb0,pone-question-eed5ef0c688072c3,What criteria would you use to assess the validity of a business contract?,What criteria would you use to assess the validity of a business contract?,evaluate,evaluation,pone.0230442.s002.docx,651,none,train
pone-row-7941cf5e20814e28,pone-question-cd3c63246a384751,What criteria would you use to assess...?,What criteria would you use to assess...?,evaluate,evaluation,pone.0230442.s002.docx,652,placeholder|exact_duplicate,train
pone-row-ad3ef29d0bad1b1a,pone-question-b69791cdf518019b,What do you think about . . .?,What do you think about . . .?,evaluate,evaluation,pone.0230442.s002.docx,653,none,validation
pone-row-cd61b0bd90292f7b,pone-question-f93283d1c101b4b5,What is part of this book did you like best. Tell why you like it?,What is part of this book did you like best. Tell why you like it?,evaluate,evaluation,pone.0230442.s002.docx,654,none,train
pone-row-bebafcb0a3e4387a,pone-question-d52ddccc35af1c23,What is the most important...?,What is the most important...?,evaluate,evaluation,pone.0230442.s002.docx,655,placeholder,train
pone-row-2edbca48cc77fad2,pone-question-521e3dba0a2a6e57,Which of the following actions would probably be least effective in determining the answer?,Which of the following actions would probably be least effective in determining the answer? ,evaluate,evaluation,pone.0230442.s002.docx,656,missing_context,train
pone-row-70b1e0438225bb78,pone-question-e86683bf94c3baf7,"Which of the two algorithms, bubblesort or quicksort, is more efficient? Justify your answer.","Which of the two algorithms, bubblesort or quicksort, is more efficient? Justify your answer.",evaluate,evaluation,pone.0230442.s002.docx,657,none,train
pone-row-6d6f1dfe9d792e81,pone-question-38a6d379698975a8,Would you have liked to have had Cinderella for a sister? Explain why or why not.,Would you have liked to have had Cinderella for a sister? Explain why or why not.,evaluate,evaluation,pone.0230442.s002.docx,658,none,train
pone-row-b4de7ad6e0eb495c,pone-question-2ba96fef291c80bf,Write a list of criteria to judge the Willy raps.,Write a list of criteria to judge the Willy raps.,evaluate,evaluation,pone.0230442.s002.docx,659,none,train
pone-row-9f1e0c0b971dfee0,pone-question-d03ef54a399daef5,Revise the story and specify the type of audience that would enjoy this book.,Revise the story and specify the type of audience that would enjoy this book.,evaluate,evaluation,pone.0230442.s002.docx,660,missing_context,train
pone-row-c0ef9528b38ac526,pone-question-f9d05e4ed9487b42,Estimate the epicentral coordinates of the earth-quake, Estimate the epicentral coordinates of the earth-quake,evaluate,evaluation,pone.0230442.s002.docx,661,none,validation
pone-row-319899418871489d,pone-question-394d33a669e012f5,Estimate the risk of serious illness for consumers in different susceptible population groups, Estimate the risk of serious illness for consumers in different susceptible population groups,evaluate,evaluation,pone.0230442.s002.docx,662,none,train
pone-row-175e3e5cdfa65421,pone-question-6fb53bf8f8cbcdf8,Estimate expenditure on HIV/AIDS education,Estimate expenditure on HIV/AIDS education,evaluate,evaluation,pone.0230442.s002.docx,663,none,train
pone-row-769cf1903dabb211,pone-question-627e0736be0aea7a,Estimate the difficulty of the question,Estimate the difficulty of the question,evaluate,evaluation,pone.0230442.s002.docx,664,none,train
pone-row-fe26ef727af96771,pone-question-53e3ea9e9fa5fff2,Estimate roughly how long the collision process takes,Estimate roughly how long the collision process takes,evaluate,evaluation,pone.0230442.s002.docx,665,none,train
pone-row-d95b2230fdaf40fc,pone-question-1a3002d1b351ad23,What do you think is the best thing about coming to Viestal?,What do you think is the best thing about coming to Viestal?,evaluate,evaluation,pone.0230442.s002.docx,666,none,test
pone-row-48b2295160246b73,pone-question-35a03a940062076f,What do you think is the mass and why,What do you think is the mass and why,evaluate,evaluation,pone.0230442.s002.docx,667,none,validation
pone-row-99dd5bf2a3043ca0,pone-question-d7ee9a35fc1ea810,What do you think are the strengths of using integrated math in your program?,What do you think are the strengths of using integrated math in your program?,evaluate,evaluation,pone.0230442.s002.docx,668,none,train
pone-row-52b0323aeb4066f0,pone-question-b0c6721846658c50,Do you think that this statement conveys the idea that i am trying to portray,Do you think that this statement conveys the idea that i am trying to portray,evaluate,evaluation,pone.0230442.s002.docx,669,none,train
pone-row-ca1d02c54664b578,pone-question-2c0058db4adcfe2c,How do you think the community should grow or change,How do you think the community should grow or change,evaluate,evaluation,pone.0230442.s002.docx,670,none,train
pone-row-cd2b4e60f42c4a90,pone-question-ea6100c30f86c86d,How Do You Think One Should Reason in Making Ethical Decisions in Business,How Do You Think One Should Reason in Making Ethical Decisions in Business,evaluate,evaluation,pone.0230442.s002.docx,671,none,test
