row_id,question_group_id,question,bloom_level,source_category,source_document,quality_flags
bloom-csv-row-ed61967fec1a97c7,bloom-csv-question-1af68e33d7d4c87e,About what proportion of the population of the US is living on farms?,remember,BT1,blooms_taxonomy_dataset_v1.csv,overlap_with_pone
bloom-csv-row-d4379aa970f78feb,bloom-csv-question-fc4db31f6df23035,Correctly label the brain lobes indicated on the diagram below,remember,BT1,blooms_taxonomy_dataset_v1.csv,missing_context|overlap_with_pone
bloom-csv-row-8eafe5bd815e1c22,bloom-csv-question-f22683ff04b4569d,Define compound interest.,remember,BT1,blooms_taxonomy_dataset_v1.csv,very_short|overlap_with_pone
bloom-csv-row-26a196fdc7143188,bloom-csv-question-4afc7700a0d55cf7,Define four types of traceability,remember,BT1,blooms_taxonomy_dataset_v1.csv,none
bloom-csv-row-00188b9ae3fe4f34,bloom-csv-question-55b44728bfd2185d,Define mercantilism.,remember,BT1,blooms_taxonomy_dataset_v1.csv,very_short|overlap_with_pone
bloom-csv-row-2c834eeb8af58ff7,bloom-csv-question-54f00b5caad00318,"Define stream bank, floodplain and substrate.",remember,BT1,blooms_taxonomy_dataset_v1.csv,overlap_with_pone
bloom-csv-row-7e10d773c5330424,bloom-csv-question-40b59fae66c01c50,Define the meaning of the Olympic Motto.,remember,BT1,blooms_taxonomy_dataset_v1.csv,overlap_with_pone
bloom-csv-row-72384cb5efd18d7e,bloom-csv-question-0c157b5479c7bb91,Draw and label a diagram of a typical stream.,remember,BT1,blooms_taxonomy_dataset_v1.csv,missing_context|overlap_with_pone
bloom-csv-row-cf3c246084244a19,bloom-csv-question-e809c4d933ba7fbb,Draw the basic outline of a page of notes using the Cornell Method?,remember,BT1,blooms_taxonomy_dataset_v1.csv,overlap_with_pone
bloom-csv-row-0b84da0481e5670a,bloom-csv-question-692c687902abbb63,Draw the block diagram of the central processing unit,remember,BT1,blooms_taxonomy_dataset_v1.csv,whitespace_normalized|missing_context|overlap_with_pone
bloom-csv-row-c71461aee557f764,bloom-csv-question-fa4449263bb29bb9,Draw the flow chart of the PNK system,remember,BT1,blooms_taxonomy_dataset_v1.csv,overlap_with_pone
bloom-csv-row-06f2a9d96776e817,bloom-csv-question-b0e68e1726b8174e,How many instructions in the instruction set of RISC computer?,remember,BT1,blooms_taxonomy_dataset_v1.csv,overlap_with_pone
bloom-csv-row-5f7cfd13726761ca,bloom-csv-question-eb21985ad1a11f1c,How many kilometers from your home to the university,remember,BT1,blooms_taxonomy_dataset_v1.csv,overlap_with_pone
bloom-csv-row-aa4547879d6e0d42,bloom-csv-question-48f11223d39cfd7e,How many loop statement available in c++?,remember,BT1,blooms_taxonomy_dataset_v1.csv,overlap_with_pone
bloom-csv-row-49bbe4f7f3576ea5,bloom-csv-question-a6ace64df4dc180a,How many states are there in USA,remember,BT1,blooms_taxonomy_dataset_v1.csv,overlap_with_pone
bloom-csv-row-68d9932974f9f5a7,bloom-csv-question-95439005d3fd2ab5,How many years does this animal live?,remember,BT1,blooms_taxonomy_dataset_v1.csv,overlap_with_pone
bloom-csv-row-14e9c4a77b96fcf4,bloom-csv-question-6fe3a9b17f22f077,How much data can be stored in the cach memory,remember,BT1,blooms_taxonomy_dataset_v1.csv,possible_language_error|overlap_with_pone
bloom-csv-row-38226e76ff180cd3,bloom-csv-question-f45409545e573524,How much did he pay for his car,remember,BT1,blooms_taxonomy_dataset_v1.csv,overlap_with_pone
bloom-csv-row-2b5918c404a873ce,bloom-csv-question-f389ea1074f7728e,How much is your weight,remember,BT1,blooms_taxonomy_dataset_v1.csv,overlap_with_pone
bloom-csv-row-d6e8a52a4fc8e1a3,bloom-csv-question-014769c72e1d3c32,How much time did he took to build a house,remember,BT1,blooms_taxonomy_dataset_v1.csv,possible_language_error|overlap_with_pone
bloom-csv-row-df7343f47e6450da,bloom-csv-question-4b1e010fa4d6a492,How much water does an elephant drink,remember,BT1,blooms_taxonomy_dataset_v1.csv,overlap_with_pone
bloom-csv-row-2bef667e5c7be91e,bloom-csv-question-92cc7e7f69aa79fc,Identify a phrase as a simile,remember,BT1,blooms_taxonomy_dataset_v1.csv,overlap_with_pone
bloom-csv-row-ded6ecbe64530aa7,bloom-csv-question-1c8b1e386f20ec6f,"Identify a property (commutative, additive, etc(",remember,BT1,blooms_taxonomy_dataset_v1.csv,overlap_with_pone
bloom-csv-row-2fb94c123b5fdf89,bloom-csv-question-be6456b7e43f31b7,Identify fractions from a pictorial representation,remember,BT1,blooms_taxonomy_dataset_v1.csv,overlap_with_pone
bloom-csv-row-938ecc2fc746b445,bloom-csv-question-a95a80b505f4c22f,Identify ordinal positions,remember,BT1,blooms_taxonomy_dataset_v1.csv,very_short|overlap_with_pone
bloom-csv-row-a3f7248225397b12,bloom-csv-question-f92a3c5bb7d859eb,Identify the correct definition of osmosis,remember,BT1,blooms_taxonomy_dataset_v1.csv,none
bloom-csv-row-364ba50ee25c0cc1,bloom-csv-question-da8a39919b0c1ebc,Identify the five major prophets of the Old Testament.,remember,BT1,blooms_taxonomy_dataset_v1.csv,overlap_with_pone
bloom-csv-row-5c60e4ba58813f26,bloom-csv-question-e012e2b8ac998882,Identify the part of a eukaryotic cell.,remember,BT1,blooms_taxonomy_dataset_v1.csv,possible_language_error|overlap_with_pone
bloom-csv-row-5dc97f486c8baf6a,bloom-csv-question-247154ee87381a4a,Identify the standard peripheral components of a computer.,remember,BT1,blooms_taxonomy_dataset_v1.csv,overlap_with_pone
bloom-csv-row-0ceb66b1063fb0c5,bloom-csv-question-9cbde95a8f4e116f,Identify which word begins with the same sound as the s in sun (Knowledge of letter s),remember,BT1,blooms_taxonomy_dataset_v1.csv,overlap_with_pone
bloom-csv-row-36acba0008790a33,bloom-csv-question-e131c6b68c3e0ef6,in which countries is arabic language spoken,remember,BT1,blooms_taxonomy_dataset_v1.csv,overlap_with_pone
bloom-csv-row-56caf01951198516,bloom-csv-question-80a822cd80edfc0d,in which continent does the state of suriname fall,remember,BT1,blooms_taxonomy_dataset_v1.csv,overlap_with_pone
bloom-csv-row-ac62c1e4f86b8030,bloom-csv-question-3d8723e06623f029,In Which part of the world does he live,remember,BT1,blooms_taxonomy_dataset_v1.csv,overlap_with_pone
bloom-csv-row-ebec431a1ef75850,bloom-csv-question-c3017acde6144971,Label any Olympic sporting apparatus with design features.,remember,BT1,blooms_taxonomy_dataset_v1.csv,overlap_with_pone
bloom-csv-row-15b7cf3ab1074d06,bloom-csv-question-153770a4220105b0,Label the parts of the following insects: Grasshopper,remember,BT1,blooms_taxonomy_dataset_v1.csv,missing_context|overlap_with_pone
bloom-csv-row-f9b4b01adf7ee420,bloom-csv-question-e545226839697153,Label the parts of the microscope shown on the right,remember,BT1,blooms_taxonomy_dataset_v1.csv,overlap_with_pone
bloom-csv-row-e94c00589fcb3284,bloom-csv-question-e5afc3e11d8ba320,List four types of clauses mentioned in the article,remember,BT1,blooms_taxonomy_dataset_v1.csv,missing_context|overlap_with_pone
bloom-csv-row-8cd1e47887c3c7d2,bloom-csv-question-c6ba3e395b6c89da,List reserved words in C programming.,remember,BT1,blooms_taxonomy_dataset_v1.csv,overlap_with_pone
bloom-csv-row-64bf21d33079d477,bloom-csv-question-643dc8b14763accd,List the characteristics peculiar to the Cubist movement.,remember,BT1,blooms_taxonomy_dataset_v1.csv,overlap_with_pone
bloom-csv-row-f89106db39fc533e,bloom-csv-question-9bfd36f3bdfa529f,List the levels in Bloom's Taxonomy.,remember,BT1,blooms_taxonomy_dataset_v1.csv,overlap_with_pone
bloom-csv-row-e91cb4af219d4475,bloom-csv-question-0a657d91037ffcc0,List the procedure to draw a mixed potential or Evans' diagram,remember,BT1,blooms_taxonomy_dataset_v1.csv,missing_context|overlap_with_pone
bloom-csv-row-4e9fe2d89ad50ea2,bloom-csv-question-5f236a5cd338a3d6,List the steps involved in titration.,remember,BT1,blooms_taxonomy_dataset_v1.csv,overlap_with_pone
bloom-csv-row-065d337455824c3e,bloom-csv-question-f4ae65a8c27416f7,List three characteristics that are unique to the Cubist movement.,remember,BT1,blooms_taxonomy_dataset_v1.csv,overlap_with_pone
bloom-csv-row-439523784d5a6baa,bloom-csv-question-31ca1e193285f90f,List three predominant economic systems that exist,remember,BT1,blooms_taxonomy_dataset_v1.csv,overlap_with_pone
bloom-csv-row-b15458ffbd16e0a1,bloom-csv-question-02b6247ad7d0708d,Look at the symbol. What is the symbol's purpose on a map?,remember,BT1,blooms_taxonomy_dataset_v1.csv,encoding_normalized
bloom-csv-row-7be38aaf09a4df46,bloom-csv-question-58732a63c1b3e1e1,Make a list of facts you learned from the story.,remember,BT1,blooms_taxonomy_dataset_v1.csv,missing_context|overlap_with_pone
bloom-csv-row-573751a814c880d0,bloom-csv-question-698b5ef92dde5738,Name 5 steps that follow the taking of notes (within 24 hours or less)?,remember,BT1,blooms_taxonomy_dataset_v1.csv,overlap_with_pone
bloom-csv-row-3b686fdbffdb9886,bloom-csv-question-bffbd7c369edc745,Name the artist who painted the Mona Lisa.,remember,BT1,blooms_taxonomy_dataset_v1.csv,overlap_with_pone
bloom-csv-row-33bf682eefcd3032,bloom-csv-question-c926795752298c18,Name the food groups and at least two items of food in each group.,remember,BT1,blooms_taxonomy_dataset_v1.csv,overlap_with_pone
bloom-csv-row-560166f01d08479d,bloom-csv-question-b1d3c8a349baa5d0,Name the four major food groups.,remember,BT1,blooms_taxonomy_dataset_v1.csv,overlap_with_pone
bloom-csv-row-033610f6e711a6cf,bloom-csv-question-319d154f84b86cd6,Name the main characters in the story.,remember,BT1,blooms_taxonomy_dataset_v1.csv,missing_context|overlap_with_pone
bloom-csv-row-5b993320173e7307,bloom-csv-question-4a7cff6e9e7ee208,Name the property that states that,remember,BT1,blooms_taxonomy_dataset_v1.csv,overlap_with_pone
bloom-csv-row-0259acd8330972b3,bloom-csv-question-76eaee135ff80690,Please label the diagram below:,remember,BT1,blooms_taxonomy_dataset_v1.csv,missing_context|overlap_with_pone
bloom-csv-row-b7c57d6cec498ad5,bloom-csv-question-a6115b314bd501bb,Recall basic math facts,remember,BT1,blooms_taxonomy_dataset_v1.csv,overlap_with_pone
bloom-csv-row-8a4126e0131f2023,bloom-csv-question-74c07ee82671c4e7,Recall locations of a historical events,remember,BT1,blooms_taxonomy_dataset_v1.csv,overlap_with_pone
bloom-csv-row-9fc1ce36a4e62d1b,bloom-csv-question-f9843be8fcb2591a,Recall the definition of the formula datatype from your assignment 2.,remember,BT1,blooms_taxonomy_dataset_v1.csv,overlap_with_pone
bloom-csv-row-e82eb5fbc43cefdd,bloom-csv-question-2c873476382c940d,Recall the equation for the Ideal Gas Law.,remember,BT1,blooms_taxonomy_dataset_v1.csv,overlap_with_pone
bloom-csv-row-484739f0ff31fba4,bloom-csv-question-064356254dd69a89,Recall the following pictoral example of an implementation of some queue operations,remember,BT1,blooms_taxonomy_dataset_v1.csv,missing_context|possible_language_error|overlap_with_pone
bloom-csv-row-98853eee55a4c9aa,bloom-csv-question-948193de38202bef,recall the supply voltage constraints,remember,BT1,blooms_taxonomy_dataset_v1.csv,overlap_with_pone
bloom-csv-row-b193e5e1bd0f6dd6,bloom-csv-question-fdeac74a91257833,Recite a policy of immigration in Europe .,remember,BT1,blooms_taxonomy_dataset_v1.csv,overlap_with_pone
bloom-csv-row-b14a62556425a005,bloom-csv-question-20d46720f10fa342,"Recite the poem ""Auto Wreck"".",remember,BT1,blooms_taxonomy_dataset_v1.csv,overlap_with_pone
bloom-csv-row-80fdb27d9e337b77,bloom-csv-question-55b138d896fcc834,Recite the principles of the Data Protection Act.,remember,BT1,blooms_taxonomy_dataset_v1.csv,overlap_with_pone
bloom-csv-row-935b80adc841fb97,bloom-csv-question-98d76a49c6671b4e,Recite the the Gaussian law,remember,BT1,blooms_taxonomy_dataset_v1.csv,possible_language_error|overlap_with_pone
bloom-csv-row-5832e5f5974133c6,bloom-csv-question-8efe0f7aa7d8a4b7,State four attributes of well engineered software.,remember,BT1,blooms_taxonomy_dataset_v1.csv,overlap_with_pone
bloom-csv-row-83eea12efd74cb5c,bloom-csv-question-7d1bda941eb16cbe,State how to find a word in a dictionary,remember,BT1,blooms_taxonomy_dataset_v1.csv,overlap_with_pone
bloom-csv-row-fef941907c8993cd,bloom-csv-question-0d9f6dba718f3568,State the characteristics of each type of corrosion testing studied,remember,BT1,blooms_taxonomy_dataset_v1.csv,overlap_with_pone
bloom-csv-row-0b8bca1aa66edd42,bloom-csv-question-11cd497073159a4f,State the definition of application in Bloom's Taxonomy.,remember,BT1,blooms_taxonomy_dataset_v1.csv,overlap_with_pone
bloom-csv-row-d6b53a2f71a15e94,bloom-csv-question-affde85092c1d2b4,State the formula for the area of a circle,remember,BT1,blooms_taxonomy_dataset_v1.csv,overlap_with_pone
bloom-csv-row-2decd89dae82b8d8,bloom-csv-question-93e9e5a7b52c5aea,State the guidelines to design an anodic protection system,remember,BT1,blooms_taxonomy_dataset_v1.csv,overlap_with_pone
bloom-csv-row-4ed25e806d472fc6,bloom-csv-question-fd1d90b124d74689,State the pattern for expressing time in French.,remember,BT1,blooms_taxonomy_dataset_v1.csv,overlap_with_pone
bloom-csv-row-6ab6167e510f5678,bloom-csv-question-5bcc9a2c51abe7a2,Compare Calliope with Howie. Use the word bank.,understand,BT2,blooms_taxonomy_dataset_v1.csv,overlap_with_pone
bloom-csv-row-aef22dd51e45f685,bloom-csv-question-4b00d9db15a6088b,Compare historical events to contemporary situations,understand,BT2,blooms_taxonomy_dataset_v1.csv,overlap_with_pone
bloom-csv-row-245a3e0a805feb20,bloom-csv-question-122a0994d7511613,Complete an analogy (analogy tasks are inference tasks),understand,BT2,blooms_taxonomy_dataset_v1.csv,overlap_with_pone
bloom-csv-row-5de61146bdbb15f2,bloom-csv-question-5165cd86f9282cea,Describe 4 types of coupling in software design.,understand,BT2,blooms_taxonomy_dataset_v1.csv,overlap_with_pone
bloom-csv-row-17e873d438fc74aa,bloom-csv-question-87cf6987ea986088,Describe how Phillip and Timothy survived on the Cay.,understand,BT2,blooms_taxonomy_dataset_v1.csv,overlap_with_pone
bloom-csv-row-409176dbfb177552,bloom-csv-question-8e3999bcf0e37a7c,Describe in prose what is shown in graph form.,understand,BT2,blooms_taxonomy_dataset_v1.csv,missing_context|overlap_with_pone
bloom-csv-row-b194fe7e8205f4b2,bloom-csv-question-bfc0818125a6bf33,Describe in your own words how to borrow a book from the library.,understand,BT2,blooms_taxonomy_dataset_v1.csv,overlap_with_pone
bloom-csv-row-c9bf2b433bd54f57,bloom-csv-question-c0142cf1ab26614f,Describe in your own words how to copy text from one program into another.,understand,BT2,blooms_taxonomy_dataset_v1.csv,missing_context|overlap_with_pone
bloom-csv-row-3f6f09060aa9fbff,bloom-csv-question-70ad7266ec090ef5,Describe in your own words what happens when a stream's velocity slows.,understand,BT2,blooms_taxonomy_dataset_v1.csv,overlap_with_pone
bloom-csv-row-8a9ece7938080535,bloom-csv-question-955b608814c9b0ea,Describe in your own words what is meant by a sprained ankle.,understand,BT2,blooms_taxonomy_dataset_v1.csv,overlap_with_pone
bloom-csv-row-15f69eef2e944abc,bloom-csv-question-604da08f7bea85be,Describe nuclear transport to a lay person.,understand,BT2,blooms_taxonomy_dataset_v1.csv,overlap_with_pone
bloom-csv-row-203ebf1cb44b0cc3,bloom-csv-question-c4443928b6daa238,Describe the Pareto Principle in statistical software quality assurance.,understand,BT2,blooms_taxonomy_dataset_v1.csv,overlap_with_pone
bloom-csv-row-44ea274dcd10a81d,bloom-csv-question-f37d67a12abc6b48,Describe what goes in each of the four areas on the first page of notes,understand,BT2,blooms_taxonomy_dataset_v1.csv,overlap_with_pone
bloom-csv-row-fd52fa0d5fe6c395,bloom-csv-question-8c00e431a8c56508,Describe what took place as the Hato was sinking.,understand,BT2,blooms_taxonomy_dataset_v1.csv,overlap_with_pone
bloom-csv-row-8a6637bb8d90274a,bloom-csv-question-14b58ac2d35f67be,Describe how the linear polarization method can yield corrosion rates,understand,BT2,blooms_taxonomy_dataset_v1.csv,overlap_with_pone
bloom-csv-row-18d9ae9cc6b136e6,bloom-csv-question-137a2f568560d983,Describe the major clinical differences between visceral and somatic pain,understand,BT2,blooms_taxonomy_dataset_v1.csv,overlap_with_pone
bloom-csv-row-326644dac180cc76,bloom-csv-question-cef6b51ff641571e,Briefly describe the author's approach to the liabilities of the GOTO statement,understand,BT2,blooms_taxonomy_dataset_v1.csv,overlap_with_pone
bloom-csv-row-380da69cee34a00a,bloom-csv-question-351beced23910de2,Describe what happened at...?,understand,BT2,blooms_taxonomy_dataset_v1.csv,placeholder|overlap_with_pone
bloom-csv-row-e9a209ff6ce55bf2,bloom-csv-question-b0b3af1bc8198e59,Determine the author's point of view,understand,BT2,blooms_taxonomy_dataset_v1.csv,encoding_normalized
bloom-csv-row-02fad7fc93d46bcd,bloom-csv-question-ae759251d37f666d,Determine the next number in a sequence,understand,BT2,blooms_taxonomy_dataset_v1.csv,overlap_with_pone
bloom-csv-row-b77b7a3d3afbc807,bloom-csv-question-330674391d41ffcc,Discuss the nature of socialism.,understand,BT2,blooms_taxonomy_dataset_v1.csv,overlap_with_pone
bloom-csv-row-af1a3ed6b9ba02b3,bloom-csv-question-ea416092e8cf5f3a,Explain how Timothy saved Phillip's life.,understand,BT2,blooms_taxonomy_dataset_v1.csv,overlap_with_pone
bloom-csv-row-233bb35be0869a93,bloom-csv-question-366fc5b9a72ee48a,Explain in one's own words how to create a query in a database.,understand,BT2,blooms_taxonomy_dataset_v1.csv,overlap_with_pone
bloom-csv-row-b0bc29b9de1556d2,bloom-csv-question-1c8bb4b893c326c6,Explain in your own words what a recessive gene is.,understand,BT2,blooms_taxonomy_dataset_v1.csv,overlap_with_pone
bloom-csv-row-407c1afc796bde0a,bloom-csv-question-a6a79cd844ea66e6,Explain in your own words what do you mean by the term economics?,understand,BT2,blooms_taxonomy_dataset_v1.csv,overlap_with_pone
bloom-csv-row-0f85d519d0f65dca,bloom-csv-question-cfc030ae77034253,Explain in your own words what is meant by mercantilism.,understand,BT2,blooms_taxonomy_dataset_v1.csv,overlap_with_pone
bloom-csv-row-dbf264612ec08cc2,bloom-csv-question-8e5c5604dbdd20bb,Explain the causes of historical events,understand,BT2,blooms_taxonomy_dataset_v1.csv,overlap_with_pone
bloom-csv-row-74a9f017fed61442,bloom-csv-question-53b9428835b61244,Explain the communicative property.,understand,BT2,blooms_taxonomy_dataset_v1.csv,overlap_with_pone
bloom-csv-row-ac54325c10f7805b,bloom-csv-question-354b9688ef48943b,"Explain the double meaning the author attributes to the term ""successive action descriptions""",understand,BT2,blooms_taxonomy_dataset_v1.csv,overlap_with_pone
bloom-csv-row-ba5433538f963436,bloom-csv-question-6a0d5b3c96e73bfd,Explain the possible uses described in class for the space to the left of the vertical line.,understand,BT2,blooms_taxonomy_dataset_v1.csv,overlap_with_pone
bloom-csv-row-6e5cbd90d2cd76ed,bloom-csv-question-476b264c51dff331,Explain the process (paraphrase) for finding the perimeter of a rectangular garden,understand,BT2,blooms_taxonomy_dataset_v1.csv,overlap_with_pone
bloom-csv-row-ea37e8368bd59f3c,bloom-csv-question-2b43542ffef27d21,Explain what a poem means.,understand,BT2,blooms_taxonomy_dataset_v1.csv,overlap_with_pone
bloom-csv-row-aeef641ecc42a86d,bloom-csv-question-68a52cbc58848ff1,"Explain what the author means by the statement ""our intellectual powers are geared to master static relations.",understand,BT2,blooms_taxonomy_dataset_v1.csv,overlap_with_pone
bloom-csv-row-9c4507b0b3059174,bloom-csv-question-c6daeb6c5845c744,Express your opinion of 'Drugs in Sport' through poetry.,understand,BT2,blooms_taxonomy_dataset_v1.csv,overlap_with_pone
bloom-csv-row-b3011cc060ffe918,bloom-csv-question-21012a40ea7232b7,From a blueprint to describe the article depicted.,understand,BT2,blooms_taxonomy_dataset_v1.csv,missing_context|overlap_with_pone
bloom-csv-row-6a935794e582f6be,bloom-csv-question-3210587cc1861c51,"Given a graph of production trends in automobiles, describe what the graph represents in a memo to your boss.",understand,BT2,blooms_taxonomy_dataset_v1.csv,missing_context|overlap_with_pone
bloom-csv-row-7446f3dc4599a7d3,bloom-csv-question-67948a4c410b387f,"Given these five corrosion inhibitors, V, W, X, Y, Z, identify which are passivators",understand,BT2,blooms_taxonomy_dataset_v1.csv,whitespace_normalized|overlap_with_pone
bloom-csv-row-4821e0d75f40ff11,bloom-csv-question-7da23d1d32a5db41,"Illustrate this caption: ""Olympic as a Media Event in the Information Society""",understand,BT2,blooms_taxonomy_dataset_v1.csv,overlap_with_pone
bloom-csv-row-4d6ae69e9da0bea2,bloom-csv-question-6e961a080680d14a,Illustrate what you think the main idea was.,understand,BT2,blooms_taxonomy_dataset_v1.csv,overlap_with_pone
bloom-csv-row-7d1a8328014272a1,bloom-csv-question-547a0c8ca7a9404f,In one sentence explain the main idea of a written passage.,understand,BT2,blooms_taxonomy_dataset_v1.csv,missing_context|overlap_with_pone
bloom-csv-row-1dc8b496650c86b8,bloom-csv-question-0cf50315a40b49bb,In one sentence illustrate the main point of a written passage.,understand,BT2,blooms_taxonomy_dataset_v1.csv,missing_context|overlap_with_pone
bloom-csv-row-8452c0b2fb5397db,bloom-csv-question-38179c4afbfba467,Interpret the pictures.,understand,BT2,blooms_taxonomy_dataset_v1.csv,very_short|overlap_with_pone
bloom-csv-row-44db7957d984d0b8,bloom-csv-question-432b891afb1d0b1d,Outline in your own words how the Leggo's Tomato Paste advertisement sells their product.,understand,BT2,blooms_taxonomy_dataset_v1.csv,overlap_with_pone
bloom-csv-row-6c50ea20a4448ab5,bloom-csv-question-526f91177211fc08,Outline the most important insight of the tale.,understand,BT2,blooms_taxonomy_dataset_v1.csv,overlap_with_pone
bloom-csv-row-5a89dd41a71cbc5e,bloom-csv-question-061d777b412c2a11,Outline the mechanisms employed by bacteria allowing them to evade phagocytic destruction.,understand,BT2,blooms_taxonomy_dataset_v1.csv,overlap_with_pone
bloom-csv-row-a36c8f18d8cd36da,bloom-csv-question-c86e37b89995ef0c,"Outline an ""attack plan"" that will allow you to test your hypothesis using computational molecular modeling tools",understand,BT2,blooms_taxonomy_dataset_v1.csv,overlap_with_pone
bloom-csv-row-bcef4d663c9f9d69,bloom-csv-question-6d89cc253cb31bc5,Paraphrase an important speech,understand,BT2,blooms_taxonomy_dataset_v1.csv,overlap_with_pone
bloom-csv-row-81c6786bd15eab34,bloom-csv-question-ff6047f630d532b4,Paraphrase what Hamlet is saying in his soliloquy.,understand,BT2,blooms_taxonomy_dataset_v1.csv,overlap_with_pone
bloom-csv-row-2638db8538bf8936,bloom-csv-question-6ee4ab1282b3e227,Paraphrase the poem in your own words,understand,BT2,blooms_taxonomy_dataset_v1.csv,overlap_with_pone
bloom-csv-row-a6d40d56bbab9144,bloom-csv-question-08b0781e18d64d45,"Paraphrase this poem about Sheik Schubli, explaining what he was saying about the characteristics of a friend",understand,BT2,blooms_taxonomy_dataset_v1.csv,overlap_with_pone
bloom-csv-row-95f9e30fe4629c34,bloom-csv-question-e7ad68a8351c02df,Describe the output of this program fragment:,understand,BT2,blooms_taxonomy_dataset_v1.csv,overlap_with_pone
bloom-csv-row-786655ef673f62bb,bloom-csv-question-fae45fda377983bc,Classify types of corrosion inhibitors,understand,BT2,blooms_taxonomy_dataset_v1.csv,whitespace_normalized|overlap_with_pone
bloom-csv-row-ffb4b2ac2dd143d0,bloom-csv-question-2bd4e329478a76a3,would you classify the zener diode in this circuit as a series voltage regulator or a shunt voltage regulator,understand,BT2,blooms_taxonomy_dataset_v1.csv,overlap_with_pone
bloom-csv-row-b1e1a941ba104896,bloom-csv-question-2d5ce932f4494b7e,"Classify the following protocols: IP, TCP, HTTP according to the ISO OSI classification",understand,BT2,blooms_taxonomy_dataset_v1.csv,missing_context|overlap_with_pone
bloom-csv-row-770177b85af39d2b,bloom-csv-question-541a7f429b51b36d,"Classify the following substances as particle, atom, element, molecule, compound",understand,BT2,blooms_taxonomy_dataset_v1.csv,missing_context|overlap_with_pone
bloom-csv-row-a0d029b3da536a13,bloom-csv-question-a558df1c2cbb7d06,How would you classify the geographic location of your school,understand,BT2,blooms_taxonomy_dataset_v1.csv,overlap_with_pone
bloom-csv-row-ac33f8ed7eb13215,bloom-csv-question-9a1e0d43cf43cef9,Classify animals into two groups.,understand,BT2,blooms_taxonomy_dataset_v1.csv,overlap_with_pone
bloom-csv-row-47cdffc6b5f7715e,bloom-csv-question-8d794b07e96f3e2c,Classify celebrations into family and community categories.,understand,BT2,blooms_taxonomy_dataset_v1.csv,overlap_with_pone
bloom-csv-row-668ca1ccdb37088f,bloom-csv-question-d3f06504d6ac1624,Classify frogs toads and other amphibians.,understand,BT2,blooms_taxonomy_dataset_v1.csv,overlap_with_pone
bloom-csv-row-a4ba2f54ce12c1bb,bloom-csv-question-250afa38943a43e1,Restate main idea of story in own words.,understand,BT2,blooms_taxonomy_dataset_v1.csv,missing_context|overlap_with_pone
bloom-csv-row-6fab68d83e857377,bloom-csv-question-87949f70028cd4f8,Restate the Olympic motto in your own words.,understand,BT2,blooms_taxonomy_dataset_v1.csv,overlap_with_pone
bloom-csv-row-717faafcf831c9ed,bloom-csv-question-ce53d527be565419,Retell the story in your words.,understand,BT2,blooms_taxonomy_dataset_v1.csv,missing_context|overlap_with_pone
bloom-csv-row-8f7bdcd62bd492a2,bloom-csv-question-4c212f668f2f2b2a,Rewrite the principles of test writing.,understand,BT2,blooms_taxonomy_dataset_v1.csv,overlap_with_pone
bloom-csv-row-98e2e4cf45a64e1b,bloom-csv-question-72bed50bcf726c3d,Rewrite you predicted equation for the ideal gas law,understand,BT2,blooms_taxonomy_dataset_v1.csv,overlap_with_pone
bloom-csv-row-8cac81199024b130,bloom-csv-question-1cbce3238bf2816c,Rewrite the markov matrix to account for this slight change.,understand,BT2,blooms_taxonomy_dataset_v1.csv,overlap_with_pone
bloom-csv-row-ad238b84f0692931,bloom-csv-question-18d2c8fbeb26b6b3,"Rewrite the sentence in your head, following the direction given below",understand,BT2,blooms_taxonomy_dataset_v1.csv,missing_context|overlap_with_pone
bloom-csv-row-d7c0c993cf55aa1e,bloom-csv-question-7c1972733e1ce594,Rewrite a part in the poem using a different speaker,understand,BT2,blooms_taxonomy_dataset_v1.csv,overlap_with_pone
bloom-csv-row-ac072113df058980,bloom-csv-question-6ed7080767120dc9,Select the best title for a passage,understand,BT2,blooms_taxonomy_dataset_v1.csv,missing_context|overlap_with_pone
bloom-csv-row-2cb0b9cbc276ae20,bloom-csv-question-85a23ae70261f537,State in your own words the rule for balls and strikes in baseball.,understand,BT2,blooms_taxonomy_dataset_v1.csv,overlap_with_pone
bloom-csv-row-2d0b2a26f08ebc76,bloom-csv-question-5e6d809ce7adb771,State in your own words where in the library to find previous issues of journals that are no longer in the display racks.,understand,BT2,blooms_taxonomy_dataset_v1.csv,overlap_with_pone
bloom-csv-row-67302972f07e1ce7,bloom-csv-question-4fb404d0ddd74523,Apply laws of statistics to evaluate the reliability of a written test.,apply,BT3,blooms_taxonomy_dataset_v1.csv,overlap_with_pone
bloom-csv-row-1e9054db714e9bed,bloom-csv-question-85766f3c2935b1be,Apply shading to produce depth in drawing.,apply,BT3,blooms_taxonomy_dataset_v1.csv,overlap_with_pone
bloom-csv-row-43e63d932cc74db0,bloom-csv-question-c238101bf80cb940,Apply the rule of law to a new situation,apply,BT3,blooms_taxonomy_dataset_v1.csv,overlap_with_pone
bloom-csv-row-6d1ac1843dcdcd3c,bloom-csv-question-371212ba600d2cb8,Apply the storytelling technique here to a little story of your own.,apply,BT3,blooms_taxonomy_dataset_v1.csv,missing_context|overlap_with_pone
bloom-csv-row-14518e4fa8aee742,bloom-csv-question-8d83f732f1ed05c1,Apply your understanding the Olympic spirit to develop a new motto or slogan.,apply,BT3,blooms_taxonomy_dataset_v1.csv,overlap_with_pone
bloom-csv-row-86500962ec2ca9aa,bloom-csv-question-ca4a6ebb9f83bfdf,Show the value of x after running this program fragment,apply,BT3,blooms_taxonomy_dataset_v1.csv,overlap_with_pone
bloom-csv-row-6fb99acee2ac940a,bloom-csv-question-382e3ad0a8142c99,Calculate for x in the following equation: 12x=36,apply,BT3,blooms_taxonomy_dataset_v1.csv,missing_context|overlap_with_pone
bloom-csv-row-3986be4d413ad2a8,bloom-csv-question-597b0138a5162c50,Calculate the deflection of a beam under uniform loading.,apply,BT3,blooms_taxonomy_dataset_v1.csv,overlap_with_pone
bloom-csv-row-3905f35d8faf0594,bloom-csv-question-22f6248e639dc5fd,Calculate the number of sacrificial anodes that would be required to form a calcareous deposit on a steel pile immersed in seawater.,apply,BT3,blooms_taxonomy_dataset_v1.csv,whitespace_normalized|overlap_with_pone
bloom-csv-row-157c0fb3e79fe897,bloom-csv-question-a418099c29da56a5,Calculate the rate of habitat fragmentation within the Colorado Front Range in the last decade.,apply,BT3,blooms_taxonomy_dataset_v1.csv,overlap_with_pone
bloom-csv-row-1e3f75b38b3cc028,bloom-csv-question-8bf1e98df77d00c7,Can you apply the method used to some experience of your own . . .?,apply,BT3,blooms_taxonomy_dataset_v1.csv,overlap_with_pone
bloom-csv-row-b2c205bbffaef3f0,bloom-csv-question-671261ada2735933,Can you group by characteristics such as . . .?,apply,BT3,blooms_taxonomy_dataset_v1.csv,overlap_with_pone
bloom-csv-row-48f17da35691e974,bloom-csv-question-fc89fed16817db11,Categorise the pictures and add them to the wall display.,apply,BT3,blooms_taxonomy_dataset_v1.csv,overlap_with_pone
bloom-csv-row-36b4e0ddf8cb142c,bloom-csv-question-f0d133e52002bd97,Choose a country that does not compete at the Olympics and explain why that country is not an Olympic member.,apply,BT3,blooms_taxonomy_dataset_v1.csv,overlap_with_pone
bloom-csv-row-44e30c2e9840e474,bloom-csv-question-99211d9a556e97ee,Choose any U.S. president and explain how he exercised his power as Commander in Chief of the Armed Forces.,apply,BT3,blooms_taxonomy_dataset_v1.csv,overlap_with_pone
bloom-csv-row-57ab322e53a3a52a,bloom-csv-question-43bf7cc215f083fa,Compute the area of actual circles.,apply,BT3,blooms_taxonomy_dataset_v1.csv,overlap_with_pone
bloom-csv-row-96fb68f52e17d788,bloom-csv-question-25af717a9cf15498,Compute the volume of a cylinder,apply,BT3,blooms_taxonomy_dataset_v1.csv,overlap_with_pone
bloom-csv-row-2bc5ab53b64a863b,bloom-csv-question-10870bf42b674a8f,Construct a model to demonstrate how it will work.,apply,BT3,blooms_taxonomy_dataset_v1.csv,overlap_with_pone
bloom-csv-row-76580ac188758632,bloom-csv-question-7860ec0fb23e51e1,Demonstrate how the seasons occur.,apply,BT3,blooms_taxonomy_dataset_v1.csv,overlap_with_pone
bloom-csv-row-f78141d0e8370140,bloom-csv-question-402ec08d4bed696c,Demonstrate how this could work in an industry setting?,apply,BT3,blooms_taxonomy_dataset_v1.csv,overlap_with_pone
bloom-csv-row-3fd33a2a21c86fd5,bloom-csv-question-c6f309008c78accb,Demonstrate using the OPAC and your knowledge of library organization to find a book about turtles.,apply,BT3,blooms_taxonomy_dataset_v1.csv,overlap_with_pone
bloom-csv-row-41d35ee352a77c69,bloom-csv-question-6a9b4b67e1b9ce0e,Demonstrate how your unit's specific student learning outcomes are linked to the mission of UAM.,apply,BT3,blooms_taxonomy_dataset_v1.csv,encoding_normalized
bloom-csv-row-8da293341bba00ab,bloom-csv-question-58d367f80bd465a7,Derive a kinetic model from experimental data.,apply,BT3,blooms_taxonomy_dataset_v1.csv,overlap_with_pone
bloom-csv-row-342f193a0b6ccff5,bloom-csv-question-63fd3e7aa6f8e1fd,Describe an experiment to answer the question of the effects of weight on the fall of an object.,apply,BT3,blooms_taxonomy_dataset_v1.csv,overlap_with_pone
bloom-csv-row-83097d18e59abe00,bloom-csv-question-2ca6ed7237aa7530,Construct a market strategy for your product using a known strategy as a model.,apply,BT3,blooms_taxonomy_dataset_v1.csv,overlap_with_pone
bloom-csv-row-859a94ceb67820d0,bloom-csv-question-430ef4b5cfa1d2dd,Construct a simple payroll program that computes net pay for those working 40 hours or less and net pay for those working over 40 hours.,apply,BT3,blooms_taxonomy_dataset_v1.csv,overlap_with_pone
bloom-csv-row-2f4f5106f7bf9dac,bloom-csv-question-5135ff6729a050b7,"Draw 3 pictures showing the beginning, middle and ending of the story.",apply,BT3,blooms_taxonomy_dataset_v1.csv,missing_context|overlap_with_pone
bloom-csv-row-e9b58adf736b9f34,bloom-csv-question-597139c95d09fff8,Draw a picture of the bears' house.,apply,BT3,blooms_taxonomy_dataset_v1.csv,missing_context|overlap_with_pone
bloom-csv-row-f4a819300e6b6f8b,bloom-csv-question-b469c3e7759b6076,Draw a picture of the gown Cinderella wore to the ball.,apply,BT3,blooms_taxonomy_dataset_v1.csv,missing_context|overlap_with_pone
bloom-csv-row-7c2e87931545926f,bloom-csv-question-a8e716e1d7d7b0f4,"From the information given, can you develop a set of instructions about . . .?",apply,BT3,blooms_taxonomy_dataset_v1.csv,overlap_with_pone
bloom-csv-row-8e0972956de6f9f4,bloom-csv-question-8e7f6ff864dfd573,How could someone modify the Cornell Method to make it effective for researching a topic for a paper?,apply,BT3,blooms_taxonomy_dataset_v1.csv,overlap_with_pone
bloom-csv-row-663c2d00f69c84d1,bloom-csv-question-f3ab70a24693aaa2,How might lifestyles in the United States be modified if a more socialistic system were adopted?,apply,BT3,blooms_taxonomy_dataset_v1.csv,overlap_with_pone
bloom-csv-row-84c0e394d8359422,bloom-csv-question-5701433d56a8488c,"If notes are available on the professor's website, how should those notes be used?",apply,BT3,blooms_taxonomy_dataset_v1.csv,encoding_normalized
bloom-csv-row-61034234b286b232,bloom-csv-question-21e3afacd29153ec,"In a teaching simulation with your peers role-playing 6th grade students, demonstrate the principle of reinforcement in classroom interactions and prepare a half page description of what happened during the simulation that validated the principle.",apply,BT3,blooms_taxonomy_dataset_v1.csv,overlap_with_pone
bloom-csv-row-11e59ea2089541d7,bloom-csv-question-8592024a512c3afd,Make a diorama to illustrate an important event.,apply,BT3,blooms_taxonomy_dataset_v1.csv,overlap_with_pone
bloom-csv-row-48e1c821dcf93672,bloom-csv-question-d95a1ece05ba2954,Make a paper-mache map to include relevant information about an event.,apply,BT3,blooms_taxonomy_dataset_v1.csv,overlap_with_pone
bloom-csv-row-2754a199db479177,bloom-csv-question-1a0824c7c9e12e94,Make a scrapbook about the areas of study.,apply,BT3,blooms_taxonomy_dataset_v1.csv,overlap_with_pone
bloom-csv-row-4e3d220417dc407a,bloom-csv-question-7779fa274d36caa8,Make up a puzzle game using the ideas from the study area.,apply,BT3,blooms_taxonomy_dataset_v1.csv,overlap_with_pone
bloom-csv-row-a1ce83222f7c43f6,bloom-csv-question-5a9c5b44b764b6d3,Model an Olympic Village for the new Millenium.,apply,BT3,blooms_taxonomy_dataset_v1.csv,overlap_with_pone
bloom-csv-row-fd112fe94e53f5ae,bloom-csv-question-fbf7bba045abbb23,Participate in a mock election,apply,BT3,blooms_taxonomy_dataset_v1.csv,overlap_with_pone
bloom-csv-row-696386ceed0e9cc3,bloom-csv-question-7b1b3f5f03f2b272,Predict what happens to X if Y increases.,apply,BT3,blooms_taxonomy_dataset_v1.csv,overlap_with_pone
bloom-csv-row-0d23baf43c8e07b5,bloom-csv-question-63e9416cc3f27104,Pretend you are one of the characters in the book. Write a diary about the happenings in your life for two consecutive days.,apply,BT3,blooms_taxonomy_dataset_v1.csv,overlap_with_pone
bloom-csv-row-c081229e152be6c2,bloom-csv-question-50976d9cea3b2697,Relate the principle of reinforcement to classroom interactions.,apply,BT3,blooms_taxonomy_dataset_v1.csv,overlap_with_pone
bloom-csv-row-d10a8c1ccf8d1168,bloom-csv-question-a1df5e6464446cbc,Relate topographic map to field features,apply,BT3,blooms_taxonomy_dataset_v1.csv,overlap_with_pone
bloom-csv-row-963134d915800b23,bloom-csv-question-3d581d32eb3b969e,Relate your most powerful story where your use of technology in the classroom has yielded a significant outcome with a student or students,apply,BT3,blooms_taxonomy_dataset_v1.csv,missing_context|overlap_with_pone
bloom-csv-row-48401d97f513fae2,bloom-csv-question-d101d60c6fa99da7,How would you relate position concept with position strategy,apply,BT3,blooms_taxonomy_dataset_v1.csv,overlap_with_pone
bloom-csv-row-b08d4213419a6ed0,bloom-csv-question-163e1cad77ece644,"Show, through role-play, the final scene in the novel.",apply,BT3,blooms_taxonomy_dataset_v1.csv,overlap_with_pone
bloom-csv-row-64a25c0fd619c73c,bloom-csv-question-60f3be30ce0022c5,Solve a math problem using familiar procedure or formula,apply,BT3,blooms_taxonomy_dataset_v1.csv,overlap_with_pone
bloom-csv-row-d1851cfe93d34697,bloom-csv-question-f46f7ffc3edc497d,Solve for the ten following fraction multiplication problems. Please make sure to show all your work.,apply,BT3,blooms_taxonomy_dataset_v1.csv,missing_context|overlap_with_pone
bloom-csv-row-3529699c22c10a2d,bloom-csv-question-8132153b7cdfb841,Would you solve these two problems using similar approaches,apply,BT3,blooms_taxonomy_dataset_v1.csv,overlap_with_pone
bloom-csv-row-1a7eb8b3ae188180,bloom-csv-question-c792eaf612939184,Use Laplace to solve the following problems,apply,BT3,blooms_taxonomy_dataset_v1.csv,missing_context|overlap_with_pone
bloom-csv-row-6aa2a3f1e95d469b,bloom-csv-question-64b99b76edf36695,Can you solve the following problem,apply,BT3,blooms_taxonomy_dataset_v1.csv,whitespace_normalized|missing_context|overlap_with_pone
bloom-csv-row-58d6e482979c13d9,bloom-csv-question-71a7615a2af2b7a1,How to specify the impact energy and impact test temperature of the material in the Code,apply,BT3,blooms_taxonomy_dataset_v1.csv,overlap_with_pone
bloom-csv-row-8f7c3a5c561efb42,bloom-csv-question-7b656ca79527c3b1,How does one specify the syntactical restrictions,apply,BT3,blooms_taxonomy_dataset_v1.csv,overlap_with_pone
bloom-csv-row-1cad494dd92a9559,bloom-csv-question-e22d8575379f6e2b,Specify a deterministic finite automaton (DFA) recognizing the,apply,BT3,blooms_taxonomy_dataset_v1.csv,overlap_with_pone
bloom-csv-row-70964b2176ea3d1d,bloom-csv-question-b0a05c5f420ca78f,Take a collection of photographs to demonstrate a particular point.,apply,BT3,blooms_taxonomy_dataset_v1.csv,overlap_with_pone
bloom-csv-row-f4a831129dfd0239,bloom-csv-question-4fa7936e81d6908f,Use a costing model to compute prices on goods to maximise profits and minimise costs.,apply,BT3,blooms_taxonomy_dataset_v1.csv,overlap_with_pone
bloom-csv-row-9bd38a0be68a892b,bloom-csv-question-c784dfaece9221e2,Use a manual to calculate an employee's vacation time.,apply,BT3,blooms_taxonomy_dataset_v1.csv,overlap_with_pone
bloom-csv-row-7ea3f7c59b2a5441,bloom-csv-question-f457e51f53b0f643,Use the distance travelled and cost of petrol to calculate the cost of a coach trip using a spreadsheet.,apply,BT3,blooms_taxonomy_dataset_v1.csv,overlap_with_pone
bloom-csv-row-d048b60ab34811f3,bloom-csv-question-5b1cdb8bb25bc4f6,Use the rule for a semicolon in a sentence.,apply,BT3,blooms_taxonomy_dataset_v1.csv,overlap_with_pone
bloom-csv-row-5724049ede06b736,bloom-csv-question-f9c5a2a4f75520ee,Who can use what we know about sonnets and finish this poem?,apply,BT3,blooms_taxonomy_dataset_v1.csv,overlap_with_pone
bloom-csv-row-635aeca964039493,bloom-csv-question-10208c351748b1cc,Would this information be useful if you had a . . .?,apply,BT3,blooms_taxonomy_dataset_v1.csv,overlap_with_pone
bloom-csv-row-ad3840fe152434ab,bloom-csv-question-c6d7022bb34f1c92,Sketch a prediction of the field lines for the arrangement of electrodes shown in Figure 2,apply,BT3,blooms_taxonomy_dataset_v1.csv,overlap_with_pone
bloom-csv-row-6bcc5d978a79926a,bloom-csv-question-52a73b9d89025799,Sketch the blackbody curves for radiation emitted from the Sun and the Earth,apply,BT3,blooms_taxonomy_dataset_v1.csv,overlap_with_pone
bloom-csv-row-f32b46cb69bac15e,bloom-csv-question-cab12cd9ff72a541,Sketch a typical absorption process in a packed column with regeneration in form of,apply,BT3,blooms_taxonomy_dataset_v1.csv,overlap_with_pone
bloom-csv-row-eadf27c87be88168,bloom-csv-question-cad2295579e22cc4,sketch a graph of velocity versus time for the upward and downward parts of a ball's flight,apply,BT3,blooms_taxonomy_dataset_v1.csv,encoding_normalized|missing_context
bloom-csv-row-9a9a4c0f64dbfe6e,bloom-csv-question-7a062292dc896001,Analyze safe and dangerous aspects of these features.,analyze,BT4,blooms_taxonomy_dataset_v1.csv,overlap_with_pone
bloom-csv-row-f755d10d35299073,bloom-csv-question-527b7e95ddd155f0,Analyze the characteristics of frogs.,analyze,BT4,blooms_taxonomy_dataset_v1.csv,overlap_with_pone
bloom-csv-row-2cecdf602ce56f50,bloom-csv-question-f44bb4577eb19378,Analyze the movements and sounds of a frog.,analyze,BT4,blooms_taxonomy_dataset_v1.csv,overlap_with_pone
bloom-csv-row-7129cf9588fa4559,bloom-csv-question-c89ea430e4b84b0f,"Analyze the problem, identifying its variables.",analyze,BT4,blooms_taxonomy_dataset_v1.csv,overlap_with_pone
bloom-csv-row-69866b4f13d19a3f,bloom-csv-question-5435108d21ee8bff,Break down the components of a standard film camera and explain how they interact to make the machine work.,analyze,BT4,blooms_taxonomy_dataset_v1.csv,overlap_with_pone
bloom-csv-row-1d229c6817d8d7b3,bloom-csv-question-be187d07d758e9f6,Break down the main actions of the story.,analyze,BT4,blooms_taxonomy_dataset_v1.csv,missing_context|overlap_with_pone
bloom-csv-row-0e90a101582dbcc8,bloom-csv-question-96c8f378fe8da951,"By comparing the map of the tectonic plates to the earthquake map, what inferences can you make?",analyze,BT4,blooms_taxonomy_dataset_v1.csv,overlap_with_pone
bloom-csv-row-30a504b951f166b1,bloom-csv-question-cafc95e059e6ad81,Can you compare your . . . with that presented in . . .?,analyze,BT4,blooms_taxonomy_dataset_v1.csv,overlap_with_pone
bloom-csv-row-c30c7e0a44be519c,bloom-csv-question-5e4b0f051796d4c7,Can you distinguish between . . .?,analyze,BT4,blooms_taxonomy_dataset_v1.csv,overlap_with_pone
bloom-csv-row-ae1be5bbc75a4628,bloom-csv-question-8118b78cc4f80623,Can you explain what must have happened when . . .?,analyze,BT4,blooms_taxonomy_dataset_v1.csv,overlap_with_pone
bloom-csv-row-83e7d930e5654d06,bloom-csv-question-b805fb4a365757c8,Can you find four different feelings Pa Lia had during the story?,analyze,BT4,blooms_taxonomy_dataset_v1.csv,missing_context|overlap_with_pone
bloom-csv-row-8618b2a148aba376,bloom-csv-question-b3b2823d78a60438,Compare and contrast animals that the class has made.,analyze,BT4,blooms_taxonomy_dataset_v1.csv,overlap_with_pone
bloom-csv-row-26727ca1317f4c83,bloom-csv-question-b9195d9fa37b04eb,Compare and contrast our school to other communities.,analyze,BT4,blooms_taxonomy_dataset_v1.csv,overlap_with_pone
bloom-csv-row-64c7991e0a8fe282,bloom-csv-question-a6474a15c269b633,"Compare and contrast preview questions, clarifying questions and anticipated exam questions, including how each relates to the notetaking process?",analyze,BT4,blooms_taxonomy_dataset_v1.csv,overlap_with_pone
bloom-csv-row-731176d8c5e65df1,bloom-csv-question-c722c2e50362ea2d,Compare and contrast the waterfall model with the prototyping model.,analyze,BT4,blooms_taxonomy_dataset_v1.csv,overlap_with_pone
bloom-csv-row-411009732636b1f1,bloom-csv-question-c896688513dd7f8d,Compare and contrast two characters in the book.,analyze,BT4,blooms_taxonomy_dataset_v1.csv,overlap_with_pone
bloom-csv-row-d0520663a7c81932,bloom-csv-question-a843197f98e99c42,Compare fall and spring,analyze,BT4,blooms_taxonomy_dataset_v1.csv,overlap_with_pone
bloom-csv-row-9b13b6184268b78a,bloom-csv-question-88b342ebf63b909a,Compare herbatious and carnivorous animals on a Venn diagram.,analyze,BT4,blooms_taxonomy_dataset_v1.csv,missing_context|overlap_with_pone
bloom-csv-row-c866964860f6bc8a,bloom-csv-question-891f205dd533ca00,Compare how different children come to school.,analyze,BT4,blooms_taxonomy_dataset_v1.csv,overlap_with_pone
bloom-csv-row-d59ca06e20f070df,bloom-csv-question-26d44e6d9ed5f33f,Compare the place where the story happened with where you live.,analyze,BT4,blooms_taxonomy_dataset_v1.csv,missing_context|overlap_with_pone
bloom-csv-row-0801dd73988aa269,bloom-csv-question-429f8505eaf06ac2,Compare this book to the last book you read.,analyze,BT4,blooms_taxonomy_dataset_v1.csv,overlap_with_pone
bloom-csv-row-24a7303b95cda4ca,bloom-csv-question-da56d4e381853241,Compare three celebrations using a Venn diagram.,analyze,BT4,blooms_taxonomy_dataset_v1.csv,missing_context|overlap_with_pone
bloom-csv-row-c05ce0106ba6bf39,bloom-csv-question-d778adc1c53ca1b1,Compare two dog food commercials. What is the difference between them and how do they both sell their products?,analyze,BT4,blooms_taxonomy_dataset_v1.csv,overlap_with_pone
bloom-csv-row-d0387a3a4d29c827,bloom-csv-question-6c597f75114c7b37,Compare two of the characters in this book.,analyze,BT4,blooms_taxonomy_dataset_v1.csv,overlap_with_pone
bloom-csv-row-38d241671969cb84,bloom-csv-question-c73b00d492f845b7,Conduct an investigation to produce information to support a view.,analyze,BT4,blooms_taxonomy_dataset_v1.csv,overlap_with_pone
bloom-csv-row-b204a5c10c0aebde,bloom-csv-question-146d94c5b48549d5,Contrast building in the coastal zone with building in a river floodplain.,analyze,BT4,blooms_taxonomy_dataset_v1.csv,overlap_with_pone
bloom-csv-row-bcf9c484461ed8dd,bloom-csv-question-b19650c388be910e,Contrast Olympic athletes of today with athletes of past Olympic games.,analyze,BT4,blooms_taxonomy_dataset_v1.csv,overlap_with_pone
bloom-csv-row-f5e6eccfef749e4b,bloom-csv-question-73f9ddf575ded9a1,Differentiate between .call by value and call by reference.,analyze,BT4,blooms_taxonomy_dataset_v1.csv,overlap_with_pone
bloom-csv-row-b196ef01b0dc69f9,bloom-csv-question-e8f005fb008bba19,Differentiate printf function calls for displaying prompts and for echoing data.,analyze,BT4,blooms_taxonomy_dataset_v1.csv,overlap_with_pone
bloom-csv-row-0c088cd2c9ac1864,bloom-csv-question-376b3f465c9ce538,Distinguish between micro and macro economics.,analyze,BT4,blooms_taxonomy_dataset_v1.csv,overlap_with_pone
bloom-csv-row-614396a66e4afd4d,bloom-csv-question-a17667f6e367dc29,Distinguish facts from hypotheses,analyze,BT4,blooms_taxonomy_dataset_v1.csv,overlap_with_pone
bloom-csv-row-09a085942b306b58,bloom-csv-question-0d2a21d4d64d19bf,"Divide the story into initiating event, rising action, climax, and falling action",analyze,BT4,blooms_taxonomy_dataset_v1.csv,missing_context|overlap_with_pone
bloom-csv-row-3b1e706465c51157,bloom-csv-question-5727ae6925cc8d62,"Examine what helps to make a good Olympics? Think about money, schedules, sports and people.",analyze,BT4,blooms_taxonomy_dataset_v1.csv,overlap_with_pone
bloom-csv-row-4712fc4611f35753,bloom-csv-question-61529f7aa74ded31,"Explain the term conjugal families, by making reference to the different types of societies to which they could belong.",analyze,BT4,blooms_taxonomy_dataset_v1.csv,overlap_with_pone
bloom-csv-row-9d7eb27736fd2221,bloom-csv-question-ef67fa376649ab78,analyze the positive and negative points presented concerning the abolition of guns and write a brief (2-3page) narrative of your analysis.,analyze,BT4,blooms_taxonomy_dataset_v1.csv,overlap_with_pone
bloom-csv-row-796db7fc0697f211,bloom-csv-question-5fc02cf087d109b2,"Differentiate the passages that attacked a political opponent personally, and those that attacked an opponent's political programs.",analyze,BT4,blooms_taxonomy_dataset_v1.csv,overlap_with_pone
bloom-csv-row-3ff15bb6e7a7b1af,bloom-csv-question-7c13c86f4d823eda,How does your pet differ from other animals?,analyze,BT4,blooms_taxonomy_dataset_v1.csv,overlap_with_pone
bloom-csv-row-0647963b044a2b2b,bloom-csv-question-f5dde26f6845c32d,How does...compare/contrast with...?,analyze,BT4,blooms_taxonomy_dataset_v1.csv,placeholder|overlap_with_pone
bloom-csv-row-799c10a68d5dc31b,bloom-csv-question-7c7d275cd7e1db0d,How is . . . similar to . . .?,analyze,BT4,blooms_taxonomy_dataset_v1.csv,overlap_with_pone
bloom-csv-row-9120b5fab82da04a,bloom-csv-question-b933f58399b7e1c3,How was life different in your town 100 years ago?,analyze,BT4,blooms_taxonomy_dataset_v1.csv,overlap_with_pone
bloom-csv-row-5b4631fbda213d03,bloom-csv-question-6b832550735b3121,How was this similar to . . .?,analyze,BT4,blooms_taxonomy_dataset_v1.csv,overlap_with_pone
bloom-csv-row-57899618dfaae893,bloom-csv-question-412f0af5e1836627,How would this story be different if it had happened in a different country?,analyze,BT4,blooms_taxonomy_dataset_v1.csv,missing_context|overlap_with_pone
bloom-csv-row-cb92b01118472ac7,bloom-csv-question-4e259a9af9bf3efa,How would you distinguish between polymyositis and viral myositis in a 42-year-old man with weakness and a rash?,analyze,BT4,blooms_taxonomy_dataset_v1.csv,overlap_with_pone
bloom-csv-row-841081802d32b008,bloom-csv-question-a1b0c6e87037d703,"If your story happened in a foreign land, compare that land to the United States.",analyze,BT4,blooms_taxonomy_dataset_v1.csv,missing_context|overlap_with_pone
bloom-csv-row-6d28b892b0f4b43e,bloom-csv-question-023b7e7c9911cc6d,"If your story occurred long ago, compare that time with today in a good paragraph. If it was a modern story, compare it with a long time ago and tell what would be different.",analyze,BT4,blooms_taxonomy_dataset_v1.csv,missing_context|overlap_with_pone
bloom-csv-row-2e0483738ebe959b,bloom-csv-question-438c73947d3da6d9,Investigate innovations that can enhance future Olympics.,analyze,BT4,blooms_taxonomy_dataset_v1.csv,overlap_with_pone
bloom-csv-row-99eecf0d6f2cd3c3,bloom-csv-question-86018d2d01cd32a8,Make a diagnosis or analyze a case study.,analyze,BT4,blooms_taxonomy_dataset_v1.csv,overlap_with_pone
bloom-csv-row-54b5942c5eb2696d,bloom-csv-question-2eea5e6f7cc62b94,Select the athlete of the century and analyze why you chose this person.,analyze,BT4,blooms_taxonomy_dataset_v1.csv,overlap_with_pone
bloom-csv-row-895df78ebcdbe6d9,bloom-csv-question-bf4f9cf20d2b62ec,"If interest were compounded monthly instead of daily, what would the difference in interest be?",analyze,BT4,blooms_taxonomy_dataset_v1.csv,overlap_with_pone
bloom-csv-row-91d76c8362c29cb1,bloom-csv-question-71d31ebe3c974641,What are the parts or features of...?,analyze,BT4,blooms_taxonomy_dataset_v1.csv,placeholder|overlap_with_pone
bloom-csv-row-bbdd8a04b9cb9a24,bloom-csv-question-18b16a79cd282608,Distinguish between the following giving suitable examples,analyze,BT4,blooms_taxonomy_dataset_v1.csv,missing_context|overlap_with_pone
bloom-csv-row-ccccbaa916381110,bloom-csv-question-b311e47c46572d41,Distinguish between abstract date types (ADTs) and implementations of ADTs,analyze,BT4,blooms_taxonomy_dataset_v1.csv,overlap_with_pone
bloom-csv-row-f85f3f1a967bc653,bloom-csv-question-e4ff5596d4c86023,"How do you distinguish between the binge-eating/purging type of anorexia nervosa and bulimia nervosa, purging type",analyze,BT4,blooms_taxonomy_dataset_v1.csv,overlap_with_pone
bloom-csv-row-634ea782a027f953,bloom-csv-question-bbf9779fcc7ce233,How does Tdap differ from Td vaccine,analyze,BT4,blooms_taxonomy_dataset_v1.csv,overlap_with_pone
bloom-csv-row-fdde66f8fb385a79,bloom-csv-question-6fd3b556354fd5e8,How does autonomy differ with age,analyze,BT4,blooms_taxonomy_dataset_v1.csv,overlap_with_pone
bloom-csv-row-d4850147013184ae,bloom-csv-question-66e26f3f042bb82f,In what ways do female offenders differ from male offenders,analyze,BT4,blooms_taxonomy_dataset_v1.csv,overlap_with_pone
bloom-csv-row-e1cca8cb0155a2d0,bloom-csv-question-ecdc124310ba9640,in what ways trajectory patterns differ according to ABC,analyze,BT4,blooms_taxonomy_dataset_v1.csv,overlap_with_pone
bloom-csv-row-358d4d0635133b19,bloom-csv-question-0beff9f8fd13ff3f,How do psychologists differ in their general attitudes toward third party presence,analyze,BT4,blooms_taxonomy_dataset_v1.csv,overlap_with_pone
bloom-csv-row-d981946bfe9def3e,bloom-csv-question-0766a1d5dd0a4ab3,How did Chinese newspapers differ from US,analyze,BT4,blooms_taxonomy_dataset_v1.csv,overlap_with_pone
bloom-csv-row-5b04e200aa41713d,bloom-csv-question-84ccb2bf2552ce0d,How does public health reporting differ today from reporting two years before,analyze,BT4,blooms_taxonomy_dataset_v1.csv,overlap_with_pone
bloom-csv-row-9f672b34c3437245,bloom-csv-question-0a6b81971e0d297f,How does an endorsement differ from a teaching certificate,analyze,BT4,blooms_taxonomy_dataset_v1.csv,overlap_with_pone
bloom-csv-row-25fd7ca687488f00,bloom-csv-question-777dcbfa59b86311,How do we differentiate between genuine buyer and undercover buyer,analyze,BT4,blooms_taxonomy_dataset_v1.csv,overlap_with_pone
bloom-csv-row-78f21a32398ce7e5,bloom-csv-question-0b88f559ee2555e8,How do we differentiate between an interview and an interrogation?,analyze,BT4,blooms_taxonomy_dataset_v1.csv,overlap_with_pone
bloom-csv-row-2c3ea8b866ecb811,bloom-csv-question-919f50a84fccdb91,Differentiate between the following terms along with appropriate examples,analyze,BT4,blooms_taxonomy_dataset_v1.csv,missing_context|overlap_with_pone
bloom-csv-row-afe6e9bce8125412,bloom-csv-question-3eb86842345dd14b,Differentiate the following functions using the quotient rule,analyze,BT4,blooms_taxonomy_dataset_v1.csv,missing_context|overlap_with_pone
bloom-csv-row-a5d2885106734f09,bloom-csv-question-782b275e23f8c5ac,Can you differentiate between ethnic Chinese and ethnic Koreans,analyze,BT4,blooms_taxonomy_dataset_v1.csv,overlap_with_pone
bloom-csv-row-8266975ebcfc16ec,bloom-csv-question-da5daed270c9384f,How would you differentiate obstructive apneas from central apneas,analyze,BT4,blooms_taxonomy_dataset_v1.csv,overlap_with_pone
bloom-csv-row-d1731e5de1b9dd98,bloom-csv-question-62ad589a29c55d8a,How would you differentiate a project from a program,analyze,BT4,blooms_taxonomy_dataset_v1.csv,overlap_with_pone
bloom-csv-row-c9253ebb91c538f6,bloom-csv-question-85c83f986affd422,How is scientific progress similar to Darwinian evolution according to Kuhn,analyze,BT4,blooms_taxonomy_dataset_v1.csv,overlap_with_pone
bloom-csv-row-92d200716bab5a26,bloom-csv-question-a01edf684361dc12,"in what ways is oxyperoxidase similar to other oxygenated heme proteins, and how does it differ",analyze,BT4,blooms_taxonomy_dataset_v1.csv,overlap_with_pone
bloom-csv-row-8535abf1b809fa19,bloom-csv-question-bf02c4d23ef7d3be,Apply and integrate several different strategies to solve a mathematical problem (not according to one formula(,create,BT6,blooms_taxonomy_dataset_v1.csv,overlap_with_pone
bloom-csv-row-286c3090a17b880d,bloom-csv-question-fdbbc842d505828c,Can you create new and unusual uses for . . .?,create,BT6,blooms_taxonomy_dataset_v1.csv,overlap_with_pone
bloom-csv-row-5975d3a15e1c202d,bloom-csv-question-f5c95c910fa8fdb0,Can you design a . . . to . . .?,create,BT6,blooms_taxonomy_dataset_v1.csv,overlap_with_pone
bloom-csv-row-5c9acd62154e3d8d,bloom-csv-question-190cb2a8e0a56124,Can you develop a proposal which would . . .?,create,BT6,blooms_taxonomy_dataset_v1.csv,overlap_with_pone
bloom-csv-row-992bbb00f9506304,bloom-csv-question-1a6f9313a292ba3f,Can you invent another character for the story?,create,BT6,blooms_taxonomy_dataset_v1.csv,missing_context|overlap_with_pone
bloom-csv-row-a8ca2fa780077c7b,bloom-csv-question-c0976d2d6892efc5,Can you see a possible solution to . . .?,create,BT6,blooms_taxonomy_dataset_v1.csv,overlap_with_pone
bloom-csv-row-854163075910c66a,bloom-csv-question-a91dc14c03ca53cf,Can you write a new recipe for a tasty dish?,create,BT6,blooms_taxonomy_dataset_v1.csv,overlap_with_pone
bloom-csv-row-602baa149ab1bd17,bloom-csv-question-a9e628b9730691ec,Choose a character. Rewrite a scene from the story from this character's point of view.,create,BT6,blooms_taxonomy_dataset_v1.csv,missing_context|overlap_with_pone
bloom-csv-row-039632395403d958,bloom-csv-question-c5c8b3c3aca7a9d6,Combine any two sports to develop a new Olympic sport.,create,BT6,blooms_taxonomy_dataset_v1.csv,overlap_with_pone
bloom-csv-row-f699a67d034eef89,bloom-csv-question-255b2d63a017f128,"Combine elements of drama, music, and dance into a stage presentation.",create,BT6,blooms_taxonomy_dataset_v1.csv,overlap_with_pone
bloom-csv-row-1773abdeabfb673c,bloom-csv-question-81472cf5f733d300,Compose a class story.,create,BT6,blooms_taxonomy_dataset_v1.csv,missing_context|overlap_with_pone
bloom-csv-row-098ce03a71fc8791,bloom-csv-question-1b747d62be8a9916,Compose a dialogue between Atticus Finch and Tom Robinson when they first met.,create,BT6,blooms_taxonomy_dataset_v1.csv,overlap_with_pone
bloom-csv-row-bfd38641c62428e2,bloom-csv-question-93e502d44a67054d,Compose a rhythm or put new words to a known melody.,create,BT6,blooms_taxonomy_dataset_v1.csv,overlap_with_pone
bloom-csv-row-863bfec595078a1b,bloom-csv-question-611731542e2ef58a,Compose a simple rap or rhyme about zoo animals.,create,BT6,blooms_taxonomy_dataset_v1.csv,overlap_with_pone
bloom-csv-row-2a11a237f54860b9,bloom-csv-question-04db4e90cd4a6745,Compose music for a frog play.,create,BT6,blooms_taxonomy_dataset_v1.csv,overlap_with_pone
bloom-csv-row-33124aa40c3b3416,bloom-csv-question-1330d4fe31c4dcf0,Compose a complete C program that reads text strings from a text file into a suitable data,create,BT6,blooms_taxonomy_dataset_v1.csv,missing_context|overlap_with_pone
bloom-csv-row-0df4faff9ef6c80f,bloom-csv-question-66fc99970b496db8,Compose a device that would assist an athlete in their training.,create,BT6,blooms_taxonomy_dataset_v1.csv,overlap_with_pone
bloom-csv-row-17666170b850254e,bloom-csv-question-c175047a7b05f1ca,Compose an original work which incorporates five common materials in sculpture.,create,BT6,blooms_taxonomy_dataset_v1.csv,overlap_with_pone
bloom-csv-row-c3ad44b13a8ef118,bloom-csv-question-4e1c5c94cf059247,Compose your own note-taking design that incorporates all theadvantages of the Cornell Method.,create,BT6,blooms_taxonomy_dataset_v1.csv,overlap_with_pone
bloom-csv-row-b63fe0a727b1ebb0,bloom-csv-question-c0008073df5a8811,Create a chart that compares things that use electricity and things that do NOT use electricity.,create,BT6,blooms_taxonomy_dataset_v1.csv,overlap_with_pone
bloom-csv-row-966078d142f53f11,bloom-csv-question-31e33a716f28e75a,Create a new product. Give it a name and plan a marketing campaign.,create,BT6,blooms_taxonomy_dataset_v1.csv,overlap_with_pone
bloom-csv-row-1f300532cb9c5c1f,bloom-csv-question-c587475d552aeb23,"Create a new song for the opening line of ""Mary had a little lamb"".",create,BT6,blooms_taxonomy_dataset_v1.csv,overlap_with_pone
bloom-csv-row-cb564e9c9690ad8a,bloom-csv-question-6059f20e8d972412,Create a set of guidelines to determine the points of a plant susceptible to localized corrosion.,create,BT6,blooms_taxonomy_dataset_v1.csv,overlap_with_pone
bloom-csv-row-3c076b4dddef2976,bloom-csv-question-560faad8d051db0b,Create a storyboard for a sequel to your book. Use the same characters.,create,BT6,blooms_taxonomy_dataset_v1.csv,overlap_with_pone
bloom-csv-row-e2b818822738d72f,bloom-csv-question-f7d1def877128de6,Create an equation to represent the solution to this problem.,create,BT6,blooms_taxonomy_dataset_v1.csv,overlap_with_pone
bloom-csv-row-bb589d164e016624,bloom-csv-question-2f1449a0512aefee,Create and perform a play about frogs.,create,BT6,blooms_taxonomy_dataset_v1.csv,overlap_with_pone
bloom-csv-row-982a6b5e954cb2fd,bloom-csv-question-5ddebce4927df6f7,Create plan of local environment by drawing around boxes.,create,BT6,blooms_taxonomy_dataset_v1.csv,overlap_with_pone
bloom-csv-row-fc2a3c691800dafa,bloom-csv-question-74bd8af25b91d8c5,Design a building according to given specifications,create,BT6,blooms_taxonomy_dataset_v1.csv,overlap_with_pone
bloom-csv-row-0ac21e8304a7d44f,bloom-csv-question-ee00f6f3e33bc012,design a cost effective strategy to generate reliable data.,create,BT6,blooms_taxonomy_dataset_v1.csv,overlap_with_pone
bloom-csv-row-f0cca1791448f3ea,bloom-csv-question-6e84a3e05d3a4337,Design a machine to perform a specific task.,create,BT6,blooms_taxonomy_dataset_v1.csv,overlap_with_pone
bloom-csv-row-256946328d50c5f2,bloom-csv-question-1e0a5023b46ee26f,Design a new animal to live in the jungle.,create,BT6,blooms_taxonomy_dataset_v1.csv,overlap_with_pone
bloom-csv-row-2b6174cf0d6a1cdb,bloom-csv-question-b257e0be8248b801,Design a poster for this book.,create,BT6,blooms_taxonomy_dataset_v1.csv,overlap_with_pone
bloom-csv-row-643a25b087231809,bloom-csv-question-aedecf73ce7b9871,Design a testing scenario to assess the susceptibility of an alloy to be used in a given environment?,create,BT6,blooms_taxonomy_dataset_v1.csv,overlap_with_pone
bloom-csv-row-0d9da1cbe12c62bb,bloom-csv-question-b4fff646b888562e,Design and make an animal that moves.,create,BT6,blooms_taxonomy_dataset_v1.csv,overlap_with_pone
bloom-csv-row-12cf832d5d92b339,bloom-csv-question-0a49a7dea4146500,Design costumes for the characters.,create,BT6,blooms_taxonomy_dataset_v1.csv,overlap_with_pone
bloom-csv-row-1d31918a3ccfb9a1,bloom-csv-question-efc1ef315250ffac,Design the architecture of the software system based on the requirements defined in the Software Requirement Specification document,create,BT6,blooms_taxonomy_dataset_v1.csv,overlap_with_pone
bloom-csv-row-69c152f839d5815c,bloom-csv-question-7833641b871c4c21,Develop a hypothesis.,create,BT6,blooms_taxonomy_dataset_v1.csv,very_short|overlap_with_pone
bloom-csv-row-dca53c0d302df2df,bloom-csv-question-4e85b33f8a8f981c,Develop a plan for a new Olympic Bid System.,create,BT6,blooms_taxonomy_dataset_v1.csv,overlap_with_pone
bloom-csv-row-0fadf28b67010381,bloom-csv-question-c8c20dcf0d822c81,Develop a SQA Plan for a software development project which is defined in the attached document.,create,BT6,blooms_taxonomy_dataset_v1.csv,overlap_with_pone
bloom-csv-row-429dc4b8e1d6a266,bloom-csv-question-5936d025accade58,"Develop a way to teach the concept of ""adjectives"".",create,BT6,blooms_taxonomy_dataset_v1.csv,overlap_with_pone
bloom-csv-row-ea4d2ffad4d3a5bf,bloom-csv-question-6a47c1895a243629,Develop one plausible ending for all three short stories below.,create,BT6,blooms_taxonomy_dataset_v1.csv,missing_context|overlap_with_pone
bloom-csv-row-9189da7d0b5dd267,bloom-csv-question-1feb946eb55259dc,Devise a new economic system based on the ones that already exist.,create,BT6,blooms_taxonomy_dataset_v1.csv,overlap_with_pone
bloom-csv-row-7fe3aeecc2aad960,bloom-csv-question-e340bd146f3d2218,Devise plans to market or make artwork more valuable.,create,BT6,blooms_taxonomy_dataset_v1.csv,overlap_with_pone
bloom-csv-row-f7f3ced77f97dde2,bloom-csv-question-984e9e7a089969c7,Draw a painting that uses various principles of perspective to achieve its effect.,create,BT6,blooms_taxonomy_dataset_v1.csv,overlap_with_pone
bloom-csv-row-b241a44741111dc8,bloom-csv-question-757e93a9d6aeec63,"Explain how the biological concept of symbiotic relationships could be used to help solve socially created problems like water pollution, overflowing garbage landfills, or homelessness.",create,BT6,blooms_taxonomy_dataset_v1.csv,overlap_with_pone
bloom-csv-row-2d052f45295bf55b,bloom-csv-question-b6cacbff7a7e7539,Explain why it is likely that a matriarchal family system would be found in a matrilocal or matrilineal society.,create,BT6,blooms_taxonomy_dataset_v1.csv,overlap_with_pone
bloom-csv-row-61b037c2af043ef6,bloom-csv-question-bcf45dedb2c2797e,"Following the identification of the forms of corrosion that were involved in a failure, recommend a solution to avoid this failure?",create,BT6,blooms_taxonomy_dataset_v1.csv,missing_context|overlap_with_pone
bloom-csv-row-149e32b4cd7f5b8d,bloom-csv-question-cd97dc4537cf5d60,Given two opposing theories design an experiment to compare them.,create,BT6,blooms_taxonomy_dataset_v1.csv,overlap_with_pone
bloom-csv-row-b53bbecab83d0545,bloom-csv-question-685593fa8d2e0670,How could we determine the number of pennies in a jar without counting them?,create,BT6,blooms_taxonomy_dataset_v1.csv,overlap_with_pone
bloom-csv-row-512cd81c4235cc9c,bloom-csv-question-2c7a496b131a0a1d,How could you re-write this story with a city setting?,create,BT6,blooms_taxonomy_dataset_v1.csv,missing_context|overlap_with_pone
bloom-csv-row-5117dbce5e302be3,bloom-csv-question-9106127c929786f3,"how do the clauses and expressions given in the article which replace GOTO statements, lead to the three traditional control statements",create,BT6,blooms_taxonomy_dataset_v1.csv,missing_context|overlap_with_pone
bloom-csv-row-a084cf8acb1fe53f,bloom-csv-question-4b71b7342ec91e78,How many ways can you . . .?,create,BT6,blooms_taxonomy_dataset_v1.csv,overlap_with_pone
bloom-csv-row-1a4b79473f3c1385,bloom-csv-question-95153e138491fb1c,How would the U.S.A. be different if the South had won the Civil War?,create,BT6,blooms_taxonomy_dataset_v1.csv,overlap_with_pone
bloom-csv-row-370166e0650f2c8c,bloom-csv-question-4f9b1c1e78c1c735,How would you change the story to create a different ending?,create,BT6,blooms_taxonomy_dataset_v1.csv,missing_context|overlap_with_pone
bloom-csv-row-38a73f35bb3205d7,bloom-csv-question-3f3d99705262e295,How would you create/design a new...?,create,BT6,blooms_taxonomy_dataset_v1.csv,placeholder|overlap_with_pone
bloom-csv-row-af019168d4008472,bloom-csv-question-bdea7c1156746154,How would you restructure the school day to reflect children's developmental needs?,create,BT6,blooms_taxonomy_dataset_v1.csv,overlap_with_pone
bloom-csv-row-796b3b5b576a92cb,bloom-csv-question-19f0e5852da84e7d,Identify one problem in the book and give an alternate solution one not given by the author.,create,BT6,blooms_taxonomy_dataset_v1.csv,overlap_with_pone
bloom-csv-row-d2d88fba4b2b6166,bloom-csv-question-53b6ebcf90eb1999,If you had access to all resources how would you deal with . . .?,create,BT6,blooms_taxonomy_dataset_v1.csv,overlap_with_pone
bloom-csv-row-4eea718cad081759,bloom-csv-question-255db9d5baafd924,Integrate training from several sources to solve a problem.,create,BT6,blooms_taxonomy_dataset_v1.csv,overlap_with_pone
bloom-csv-row-13933e8c19b7a686,bloom-csv-question-25e97c9ffccaca2a,Invent a machine to do a specific task.,create,BT6,blooms_taxonomy_dataset_v1.csv,overlap_with_pone
bloom-csv-row-42bde893aa7e5af7,bloom-csv-question-5df60bb18b49a6ed,Justify your choice of data structure.,create,BT6,blooms_taxonomy_dataset_v1.csv,overlap_with_pone
bloom-csv-row-ead648e6bd2d2802,bloom-csv-question-7687d913c73c4494,Make a radio announcement that advertise the book. Write it out.,create,BT6,blooms_taxonomy_dataset_v1.csv,overlap_with_pone
bloom-csv-row-c0a8b681bb1e5296,bloom-csv-question-6671957fc763da5e,Make up a new language code and write material using it.,create,BT6,blooms_taxonomy_dataset_v1.csv,overlap_with_pone
bloom-csv-row-a1829352ffb0a270,bloom-csv-question-82272c398400f312,Name one character. Rewrite the story from this character's point of view.,create,BT6,blooms_taxonomy_dataset_v1.csv,missing_context|overlap_with_pone
bloom-csv-row-3ec8f17fd50b83cb,bloom-csv-question-d8e1a2d44009eb44,Organize this book into three or more sections and give your own subtitle for each section.,create,BT6,blooms_taxonomy_dataset_v1.csv,overlap_with_pone
bloom-csv-row-ac24c1bf5cfdbb9d,bloom-csv-question-de659a9f61d627dc,Plan a research paper on a given historical topic,create,BT6,blooms_taxonomy_dataset_v1.csv,overlap_with_pone
bloom-csv-row-0eddeb193782abec,bloom-csv-question-0348db171da9dabc,Predict the differences of a planet with no seasonal changes.,create,BT6,blooms_taxonomy_dataset_v1.csv,overlap_with_pone
bloom-csv-row-a18026beaa6ae1c8,bloom-csv-question-626d7d9254265781,Prepare a book jacket that illustrates the kind of book as well as the story.,create,BT6,blooms_taxonomy_dataset_v1.csv,missing_context|overlap_with_pone
bloom-csv-row-6148f4bf29f9d26f,bloom-csv-question-f515848ae93ba474,Pretend you are a librarian recommending this book to someone. Write a paragraph telling what you would say.,create,BT6,blooms_taxonomy_dataset_v1.csv,whitespace_normalized|overlap_with_pone
bloom-csv-row-45e6476973201d90,bloom-csv-question-1b34327fd4de9b25,Revise and process to improve the outcome.,create,BT6,blooms_taxonomy_dataset_v1.csv,overlap_with_pone
bloom-csv-row-fb8a6ba021cb4aa2,bloom-csv-question-6c2b7f5f783ed0ed,"After designing an experiment, examining the results, and drawing conclusions, determines in what ways the experiment could be conducted more effectively in order to draw more productive conclusions in the future.",evaluate,BT5,blooms_taxonomy_dataset_v1.csv,overlap_with_pone
bloom-csv-row-3876c00bf908e1be,bloom-csv-question-a90df08d9f8737c7,"After examining the videotape of a play in a football game, determine the degree to which the defensive team performed effectively and",evaluate,BT5,blooms_taxonomy_dataset_v1.csv,overlap_with_pone
bloom-csv-row-5159d3f88414ea2e,bloom-csv-question-7b49ef4035c3eb10,"After solving a problem, determine the degree to which the problem was solved as efficiently as possible",evaluate,BT5,blooms_taxonomy_dataset_v1.csv,overlap_with_pone
bloom-csv-row-0cddd3f2e031d771,bloom-csv-question-db9bdcc9e5a75117,Appraise data in support of a hypothesis.,evaluate,BT5,blooms_taxonomy_dataset_v1.csv,overlap_with_pone
bloom-csv-row-73fb9febd12ec131,bloom-csv-question-baff3e8a8e13b84a,Appraise the speech's effectiveness based upon the class' criteria.,evaluate,BT5,blooms_taxonomy_dataset_v1.csv,overlap_with_pone
bloom-csv-row-127e836573ae3216,bloom-csv-question-e193bca5e3efca18,Are there students who should not use the Cornell method?,evaluate,BT5,blooms_taxonomy_dataset_v1.csv,overlap_with_pone
bloom-csv-row-26ac8d48cef5f3d1,bloom-csv-question-97461c1731b8f4b9,Are you a . . . person?,evaluate,BT5,blooms_taxonomy_dataset_v1.csv,overlap_with_pone
bloom-csv-row-2f80af914f8efbd0,bloom-csv-question-735490a6f48ac147,Assess the appropriateness of an author's conclusions based on the evidence given.,evaluate,BT5,blooms_taxonomy_dataset_v1.csv,overlap_with_pone
bloom-csv-row-c9b5cf60e3944fa2,bloom-csv-question-6b7b339a88491822,Assess the importance of understanding seasonal patters.,evaluate,BT5,blooms_taxonomy_dataset_v1.csv,overlap_with_pone
bloom-csv-row-e8d1dcc6c51bb6e4,bloom-csv-question-c42888de2e7a2218,Assess the relative effectiveness of different graphical representations of the same data or biological concept.,evaluate,BT5,blooms_taxonomy_dataset_v1.csv,overlap_with_pone
bloom-csv-row-541932f773fd2a17,bloom-csv-question-e121dc812938906b,Assess the strengths and weaknesses of the current Olympics and recommend action that should be taken in future Olympics: What can be,evaluate,BT5,blooms_taxonomy_dataset_v1.csv,overlap_with_pone
bloom-csv-row-3f182f1e2a3ca39a,bloom-csv-question-c5438ecb124bab05,"Award the contract to the best proposal. Rank the principles of ""good sportsmanship"" in order of importance to you.",evaluate,BT5,blooms_taxonomy_dataset_v1.csv,overlap_with_pone
bloom-csv-row-13d83e3a36b51c91,bloom-csv-question-f3aa739d0b74456e,Can you defend the idea that Simon's incident with the pig's head is the most mystical in the story?,evaluate,BT5,blooms_taxonomy_dataset_v1.csv,missing_context|overlap_with_pone
bloom-csv-row-be8a1a2a90206eb4,bloom-csv-question-611c75315a539fab,Can you defend your position about . . .?,evaluate,BT5,blooms_taxonomy_dataset_v1.csv,overlap_with_pone
bloom-csv-row-c6f64fff540683a6,bloom-csv-question-53a6b03ef0b6bc35,Choose a paint schedule for the maintenance of an outdoor structure? (level 2),evaluate,BT5,blooms_taxonomy_dataset_v1.csv,overlap_with_pone
bloom-csv-row-6e4b638a1980c252,bloom-csv-question-f23596a8b831aeab,Choose and illustrate the two most important events in the story.,evaluate,BT5,blooms_taxonomy_dataset_v1.csv,missing_context|overlap_with_pone
bloom-csv-row-294cf9ebb156db81,bloom-csv-question-2c91d28ae0aef395,Conclude and support which economic system leads to a higher standard of living.,evaluate,BT5,blooms_taxonomy_dataset_v1.csv,overlap_with_pone
bloom-csv-row-f4e8e2767a162ecb,bloom-csv-question-8d415db448ebaca7,Construct a poster that will advertise your new food product in an exciting and irresistible way.,evaluate,BT5,blooms_taxonomy_dataset_v1.csv,overlap_with_pone
bloom-csv-row-119d16509980ad48,bloom-csv-question-4f085fc35b017bb9,Critique an experimental design or a research proposal.,evaluate,BT5,blooms_taxonomy_dataset_v1.csv,overlap_with_pone
bloom-csv-row-7e7f4735980a85df,bloom-csv-question-b21721255c24cb66,"Critique the other student's (or your own) speech, based on the criteria we have studied this semester.",evaluate,BT5,blooms_taxonomy_dataset_v1.csv,overlap_with_pone
bloom-csv-row-c6281812dd75f811,bloom-csv-question-ac714d27e49cb0a9,Decide whether you are in favor of building on a floodplain; defend your position in a debate.,evaluate,BT5,blooms_taxonomy_dataset_v1.csv,overlap_with_pone
bloom-csv-row-fc108a332b3bc447,bloom-csv-question-38f1c16672318b93,Decide whether you could have survived on the island blind and alone. Write about things that would have been challenging making sure to,evaluate,BT5,blooms_taxonomy_dataset_v1.csv,overlap_with_pone
bloom-csv-row-b7e9b9e563c612ad,bloom-csv-question-29fb6deab153d7b7,Decide whether you learned enough about electricity from this book.,evaluate,BT5,blooms_taxonomy_dataset_v1.csv,overlap_with_pone
bloom-csv-row-fc16f33f379d65b7,bloom-csv-question-390d0c0241028131,Decide which candidate would best fill the position of principal.,evaluate,BT5,blooms_taxonomy_dataset_v1.csv,overlap_with_pone
bloom-csv-row-e9041134b156b63f,bloom-csv-question-38a9860f3f1c6bc7,Decide which course of action was most effective,evaluate,BT5,blooms_taxonomy_dataset_v1.csv,overlap_with_pone
bloom-csv-row-8e700fbc86dd9ab3,bloom-csv-question-1d4678c578d51917,Decide which method of solving a problem was most effective,evaluate,BT5,blooms_taxonomy_dataset_v1.csv,whitespace_normalized|overlap_with_pone
bloom-csv-row-96ad634c921940ec,bloom-csv-question-52e11d96dde5a84b,Defend the following claim: The Cornell method works so well that it could turn even a poor lecture into a valuable learning experience.,evaluate,BT5,blooms_taxonomy_dataset_v1.csv,missing_context|overlap_with_pone
bloom-csv-row-f496b6daa50e5e59,bloom-csv-question-117c244c6944ed37,Defend your use of a specific strategy in solving the problem.,evaluate,BT5,blooms_taxonomy_dataset_v1.csv,overlap_with_pone
bloom-csv-row-8cff4b370ff61e04,bloom-csv-question-4e6fa9fa87abae4e,Describe the economic consequence of a neolocal society. Support your description with information you have learned from this course.,evaluate,BT5,blooms_taxonomy_dataset_v1.csv,overlap_with_pone
bloom-csv-row-c2e58fdec16c05a9,bloom-csv-question-056867c79b1660a5,Design a healthy menu that you think most people would enjoy using the healthy eating guide.,evaluate,BT5,blooms_taxonomy_dataset_v1.csv,overlap_with_pone
bloom-csv-row-ea2e659e9b677658,bloom-csv-question-5506244ed8f94556,Determine if a character's actions were heroic,evaluate,BT5,blooms_taxonomy_dataset_v1.csv,encoding_normalized|whitespace_normalized
bloom-csv-row-d3a56f636bedc1d5,bloom-csv-question-68800965e590d96c,Do you agree...?,evaluate,BT5,blooms_taxonomy_dataset_v1.csv,placeholder|very_short|overlap_with_pone
bloom-csv-row-b8966210a9fe23f6,bloom-csv-question-18303c87bf67ee76,Do you think . . . is a good or a bad thing?,evaluate,BT5,blooms_taxonomy_dataset_v1.csv,overlap_with_pone
bloom-csv-row-cfa1f33f8a5fb00e,bloom-csv-question-9b639faa9988ccfd,Establish criteria for making this choice and defend your final selection.,evaluate,BT5,blooms_taxonomy_dataset_v1.csv,overlap_with_pone
bloom-csv-row-745f53a91aa1f95e,bloom-csv-question-f48a6137690887c6,"Evaluate a work of art, giving the reasons for your evaluation.",evaluate,BT5,blooms_taxonomy_dataset_v1.csv,overlap_with_pone
bloom-csv-row-3d263bd739f3a990,bloom-csv-question-cdea0eb2fbe69c47,Evaluate appropriate and inappropriate actions of characters.,evaluate,BT5,blooms_taxonomy_dataset_v1.csv,overlap_with_pone
bloom-csv-row-f49142b1cd344e5a,bloom-csv-question-7d50a763388e6365,Evaluate board games and justify why rules are important.,evaluate,BT5,blooms_taxonomy_dataset_v1.csv,overlap_with_pone
bloom-csv-row-bb42b68e8091b8c5,bloom-csv-question-e302c958eb28759d,Evaluate the corrosion monitoring needs of a chemical processing plant,evaluate,BT5,blooms_taxonomy_dataset_v1.csv,whitespace_normalized|overlap_with_pone
bloom-csv-row-5217f9f3d301e013,bloom-csv-question-d03b7a71eb5d1cab,Evaluate the level of galvanic coupling between two metals using basic kinetic information? (level 4),evaluate,BT5,blooms_taxonomy_dataset_v1.csv,whitespace_normalized|overlap_with_pone
bloom-csv-row-5efae0178707de84,bloom-csv-question-93f5aa616ef34b6c,Evaluate two Internet sources of information about the Egyptians. Which would be a better choice for your purpose and why?,evaluate,BT5,blooms_taxonomy_dataset_v1.csv,overlap_with_pone
bloom-csv-row-1e3d006c7551bfb7,bloom-csv-question-4ea80933433305ce,Evaluate whether their model is a true representation of the local environment.,evaluate,BT5,blooms_taxonomy_dataset_v1.csv,overlap_with_pone
bloom-csv-row-00f8c9f3a4f79496,bloom-csv-question-06c27c4be888d32a,Evaluate your own or a peer's essay in terms of the principles of composition discussed during the semester.,evaluate,BT5,blooms_taxonomy_dataset_v1.csv,overlap_with_pone
bloom-csv-row-af6e190927d1cce1,bloom-csv-question-c94bde026f28e559,Examine the stated positions of both major political candidates with regard to a particular issue and state good reasons (based on principles discussed in class) for why one candidates position is more likely to be effective than the other's.,evaluate,BT5,blooms_taxonomy_dataset_v1.csv,overlap_with_pone
bloom-csv-row-f3c26b7c687300b2,bloom-csv-question-c3dfa3f457c5495b,Explain and justify a new budget.,evaluate,BT5,blooms_taxonomy_dataset_v1.csv,overlap_with_pone
bloom-csv-row-d85a96faa2009f55,bloom-csv-question-0fad863f05457677,Explain choices made in making recommendations to an end user.,evaluate,BT5,blooms_taxonomy_dataset_v1.csv,overlap_with_pone
bloom-csv-row-f6db4f4b6c84ef19,bloom-csv-question-d8a364b765d4170f,"Given an argument on any position, enumerate the logical fallacies in that argument.",evaluate,BT5,blooms_taxonomy_dataset_v1.csv,overlap_with_pone
bloom-csv-row-bff5f7419ed970c0,bloom-csv-question-867e68ffd1252a8e,"Given the data available on a research question, take a position and defend it.",evaluate,BT5,blooms_taxonomy_dataset_v1.csv,overlap_with_pone
bloom-csv-row-112926be146b9c04,bloom-csv-question-27a2071b1454fe2c,"Given the data we've looked at on this topic, evaluate how appropriate this conclusion is and defend your answer.",evaluate,BT5,blooms_taxonomy_dataset_v1.csv,overlap_with_pone
bloom-csv-row-aa8e06b1ce24a619,bloom-csv-question-ae209828cbd4e41c,"Given the two solutions to the stated programming problem, rate the solutions in terms of efficiency and readability.",evaluate,BT5,blooms_taxonomy_dataset_v1.csv,whitespace_normalized|overlap_with_pone
bloom-csv-row-40f47ca9340eac14,bloom-csv-question-48144e2b090f2a56,"Given three possible approaches to implement the defined system, discuss the possible advantages and disadvantages of each approach.",evaluate,BT5,blooms_taxonomy_dataset_v1.csv,overlap_with_pone
bloom-csv-row-c7eb49e64f387c7b,bloom-csv-question-b9b1870b3ad3c74f,"Given two possible solutions, A and B, to solving the given software development problem, decide on the best solution. Give your justification.",evaluate,BT5,blooms_taxonomy_dataset_v1.csv,overlap_with_pone
bloom-csv-row-a2ccda7ed0dcf670,bloom-csv-question-dfa7c6d38d4a82af,How effective are . . .?,evaluate,BT5,blooms_taxonomy_dataset_v1.csv,very_short|overlap_with_pone
bloom-csv-row-4a1b2f1e3f24cedb,bloom-csv-question-45b793d6256f62c0,How would you decide about...?,evaluate,BT5,blooms_taxonomy_dataset_v1.csv,placeholder|overlap_with_pone
bloom-csv-row-9e0cbdb3f0fd3733,bloom-csv-question-7624674c5f14426a,How would you feel if . . .?,evaluate,BT5,blooms_taxonomy_dataset_v1.csv,overlap_with_pone
bloom-csv-row-ea373b5086b9e1a5,bloom-csv-question-879c07dbb25348f6,How would you have handled . . .?,evaluate,BT5,blooms_taxonomy_dataset_v1.csv,overlap_with_pone
bloom-csv-row-98f4cf4ff50d3f97,bloom-csv-question-f6d65be9ebe59b2f,"improved, reformed or rejected?",evaluate,BT5,blooms_taxonomy_dataset_v1.csv,overlap_with_pone
bloom-csv-row-9cecaeb50f0c78ac,bloom-csv-question-d1ef0fae53414b59,"In a given clinical situation, select the most reasonable intervention and predict the main effects and possible side effects.",evaluate,BT5,blooms_taxonomy_dataset_v1.csv,overlap_with_pone
bloom-csv-row-ca7a159402a7a370,bloom-csv-question-6c7c27d550c51c90,Is there a better solution to . . .?,evaluate,BT5,blooms_taxonomy_dataset_v1.csv,overlap_with_pone
bloom-csv-row-f4f380310920a926,bloom-csv-question-22affd1d333c4103,udge aesthetic qualities and relationship to future values.,evaluate,BT5,blooms_taxonomy_dataset_v1.csv,none
bloom-csv-row-62c74e9faf305bc7,bloom-csv-question-6d088d0a13f461bf,judge the difficulty level for yourself.,evaluate,BT5,blooms_taxonomy_dataset_v1.csv,overlap_with_pone
bloom-csv-row-ae6a2fafbef42a09,bloom-csv-question-578880c93b4b868f,Judge the value of . . .?,evaluate,BT5,blooms_taxonomy_dataset_v1.csv,overlap_with_pone
bloom-csv-row-7804607d9891e048,bloom-csv-question-c66b84a011b99cab,Judge whether it would be possible to survive on an island alone and blinded. Write about it.,evaluate,BT5,blooms_taxonomy_dataset_v1.csv,overlap_with_pone
bloom-csv-row-8f236274cce09956,bloom-csv-question-8435ffb3acdc680a,Judge whether Olympic Ideals are realistic or unrealistic for the contemporary elite athlete.,evaluate,BT5,blooms_taxonomy_dataset_v1.csv,overlap_with_pone
bloom-csv-row-9da7e51e4e861878,bloom-csv-question-733b47db0a53a12d,Justify and nominate ways to prevent animal extinction.,evaluate,BT5,blooms_taxonomy_dataset_v1.csv,overlap_with_pone
bloom-csv-row-230a1527887b9d92,bloom-csv-question-011b3735f3cacaf8,Justify the title To Kill a Mockingbird .,evaluate,BT5,blooms_taxonomy_dataset_v1.csv,overlap_with_pone
bloom-csv-row-c97b4823b0980dfd,bloom-csv-question-7e855eac95245350,Listen to two classmates conversing on tape and critique their performance on the basis of the skills covered this semester.,evaluate,BT5,blooms_taxonomy_dataset_v1.csv,overlap_with_pone
bloom-csv-row-f5c10fe7cafbe4f4,bloom-csv-question-edbe68bc4c1d2f00,Place the following in order of priority...,evaluate,BT5,blooms_taxonomy_dataset_v1.csv,placeholder|missing_context|overlap_with_pone
bloom-csv-row-d9ca80cef9f7aa4f,bloom-csv-question-548d8c4dc300b960,Predict what will happen next in.,evaluate,BT5,blooms_taxonomy_dataset_v1.csv,overlap_with_pone
bloom-csv-row-0360da1aa16de6db,bloom-csv-question-b5d143ad980ed464,Predict whether Phillip will ever go back to visit the Cay after several years of recovery. Assuming he gets his sight back.,evaluate,BT5,blooms_taxonomy_dataset_v1.csv,overlap_with_pone
bloom-csv-row-b6903c912ea2b7b4,bloom-csv-question-ac47fdd8d1c09d28,Recommend how our classroom or playground could be improved.,evaluate,BT5,blooms_taxonomy_dataset_v1.csv,overlap_with_pone
bloom-csv-row-8c725615ece00a93,bloom-csv-question-250b8ca7b47df866,State the rule for balls and strikes in baseball.,remember,BT1,blooms_taxonomy_dataset_v1.csv,overlap_with_pone
bloom-csv-row-7c07cabcf9338d87,bloom-csv-question-ad0b1b94f977b5d8,State the rule for using a semicolon in a sentence.,remember,BT1,blooms_taxonomy_dataset_v1.csv,overlap_with_pone
bloom-csv-row-a787953a6121578b,bloom-csv-question-20aaec5b311ddccd,What are major facts about particular cultures and societies,remember,BT1,blooms_taxonomy_dataset_v1.csv,overlap_with_pone
bloom-csv-row-b2f9f864d7898464,bloom-csv-question-94ac8bbd59acaced,What are the major products and exports of countries,remember,BT1,blooms_taxonomy_dataset_v1.csv,overlap_with_pone
bloom-csv-row-e3016b8f8db3ab90,bloom-csv-question-394b557ac77b2784,What are the representational symbols on maps and charts,remember,BT1,blooms_taxonomy_dataset_v1.csv,overlap_with_pone
bloom-csv-row-bf57ddbc9124c5c0,bloom-csv-question-48aa9decf9e95043,What are the structure or functions of Congress,remember,BT1,blooms_taxonomy_dataset_v1.csv,overlap_with_pone
bloom-csv-row-22209f80cfa39c05,bloom-csv-question-1de9aa789f511304,What are the units of corrosion penetration rates? Relate these to Faraday's law,remember,BT1,blooms_taxonomy_dataset_v1.csv,overlap_with_pone
bloom-csv-row-6124df234aeeabe4,bloom-csv-question-5dde3b569638ab9f,What does ICT stands for,remember,BT1,blooms_taxonomy_dataset_v1.csv,possible_language_error
bloom-csv-row-11bd7815a68a12f4,bloom-csv-question-f2f126dba1134af1,What is your family name,remember,BT1,blooms_taxonomy_dataset_v1.csv,whitespace_normalized|overlap_with_pone
bloom-csv-row-b6941ebff6d530d9,bloom-csv-question-09e2ca3848398901,What is a global variable?,remember,BT1,blooms_taxonomy_dataset_v1.csv,overlap_with_pone
bloom-csv-row-03d5ac0868603d59,bloom-csv-question-b1787f92231d4353,What is a textual index,remember,BT1,blooms_taxonomy_dataset_v1.csv,overlap_with_pone
bloom-csv-row-aa5603f37e81781a,bloom-csv-question-c43e8fb16742d1a1,What is the setting of To Kill a Mockingbird?,remember,BT1,blooms_taxonomy_dataset_v1.csv,overlap_with_pone
bloom-csv-row-75e0d95d6aceac2c,bloom-csv-question-ddb39479cc176254,What is the title of the first movie you saw,remember,BT1,blooms_taxonomy_dataset_v1.csv,overlap_with_pone
bloom-csv-row-a45e558b8a9fc0c2,bloom-csv-question-38b14cb8b1fe88d8,What season are we in right now?,remember,BT1,blooms_taxonomy_dataset_v1.csv,overlap_with_pone
bloom-csv-row-0e750ff30188229d,bloom-csv-question-2252aabd4322ead7,when did saudi arabia start using internet,remember,BT1,blooms_taxonomy_dataset_v1.csv,overlap_with_pone
bloom-csv-row-2381e68b679f7b2e,bloom-csv-question-907ed178e798112e,when did the first saudi radio station open,remember,BT1,blooms_taxonomy_dataset_v1.csv,overlap_with_pone
bloom-csv-row-6c6f7e4bfd088eb2,bloom-csv-question-60d4a1a30ed20702,When did the second world war happen,remember,BT1,blooms_taxonomy_dataset_v1.csv,whitespace_normalized|overlap_with_pone
bloom-csv-row-09135e1a891ce878,bloom-csv-question-9d777a1cf172d5e1,When did you born ?,remember,BT1,blooms_taxonomy_dataset_v1.csv,overlap_with_pone
bloom-csv-row-6ea36d7dd3485f21,bloom-csv-question-69bf345193881361,when was the first airport in the yemen built,remember,BT1,blooms_taxonomy_dataset_v1.csv,overlap_with_pone
bloom-csv-row-fef30163fab7de16,bloom-csv-question-70e39f5a48fd9866,when was the UN formed,remember,BT1,blooms_taxonomy_dataset_v1.csv,overlap_with_pone
bloom-csv-row-5723f7138ac2470f,bloom-csv-question-ff934b3655faafa8,Which of the following is the method for determining the volume of a cylinder?,remember,BT1,blooms_taxonomy_dataset_v1.csv,missing_context|overlap_with_pone
bloom-csv-row-e834ea9e2deb76e1,bloom-csv-question-8baef86ef4d42548,Which of the following item does not belong to the set ?,remember,BT1,blooms_taxonomy_dataset_v1.csv,missing_context|overlap_with_pone
bloom-csv-row-9dec107eefc1265b,bloom-csv-question-a6dedda6ab866b31,Which of the two liquids is hypotonic,remember,BT1,blooms_taxonomy_dataset_v1.csv,overlap_with_pone
bloom-csv-row-4c3bf2aac706adb4,bloom-csv-question-658dcff740c43d68,which part of a data packet is used by a router to determine the destination network,remember,BT1,blooms_taxonomy_dataset_v1.csv,overlap_with_pone
bloom-csv-row-8eb05811a738c7e9,bloom-csv-question-4c31967a04d48ff1,Which technology is used by laser printer,remember,BT1,blooms_taxonomy_dataset_v1.csv,overlap_with_pone
bloom-csv-row-15fc87d6998248d0,bloom-csv-question-3b265f0cecee8f79,Who is the first president of USA,remember,BT1,blooms_taxonomy_dataset_v1.csv,whitespace_normalized|overlap_with_pone
bloom-csv-row-25f3874acaf9fd57,bloom-csv-question-77fc26f156d40425,who is the founder of the kingdom of saudi Arabia,remember,BT1,blooms_taxonomy_dataset_v1.csv,overlap_with_pone
bloom-csv-row-5d000905a9a2aff6,bloom-csv-question-bf681cf37e07868a,who was the first man on the moon,remember,BT1,blooms_taxonomy_dataset_v1.csv,overlap_with_pone
bloom-csv-row-5ad7629e77868d51,bloom-csv-question-a10a29180ca69362,who was the first to compose in the arts of makamat,remember,BT1,blooms_taxonomy_dataset_v1.csv,overlap_with_pone
bloom-csv-row-07899ed48b833b82,bloom-csv-question-5d896fe784ca77b0,Who was the writer of the Hamilton,remember,BT1,blooms_taxonomy_dataset_v1.csv,overlap_with_pone
bloom-csv-row-77f658e049974f0d,bloom-csv-question-6106b941d578527f,Can you state in your own words what the problem is asking you to do,understand,BT2,blooms_taxonomy_dataset_v1.csv,overlap_with_pone
bloom-csv-row-8d69297a69da9f41,bloom-csv-question-7516bcd607a35957,State in your own words what the author means when he says,understand,BT2,blooms_taxonomy_dataset_v1.csv,overlap_with_pone
bloom-csv-row-16a558058d91a288,bloom-csv-question-ae25c11af43a433b,Summarize a historical document,understand,BT2,blooms_taxonomy_dataset_v1.csv,overlap_with_pone
bloom-csv-row-75d27526bbaf18ba,bloom-csv-question-4978bcc5450fb0b2,Summarize a story in own words.,understand,BT2,blooms_taxonomy_dataset_v1.csv,missing_context|overlap_with_pone
bloom-csv-row-1e2e64744cc2cb1e,bloom-csv-question-ba2c1bd1efeac8d9,Summarize Jem's beliefs about Boo Radley,understand,BT2,blooms_taxonomy_dataset_v1.csv,encoding_normalized
bloom-csv-row-891b67684904d68c,bloom-csv-question-8fa8994a702e4956,Summarize the basic tenets of collaborative conservation.,understand,BT2,blooms_taxonomy_dataset_v1.csv,overlap_with_pone
bloom-csv-row-58ea6a56eb093419,bloom-csv-question-ecabbc1caae57092,Summarize the basic tenets of deconstructionism.,understand,BT2,blooms_taxonomy_dataset_v1.csv,overlap_with_pone
bloom-csv-row-4278d87284524f10,bloom-csv-question-964392f7d1e74efb,Summarize this magazine article.,understand,BT2,blooms_taxonomy_dataset_v1.csv,missing_context|overlap_with_pone
bloom-csv-row-1252bbea42d7d26c,bloom-csv-question-90e3148ebbf002dd,Tell how Phillip kept himself alive after Timothy died.,understand,BT2,blooms_taxonomy_dataset_v1.csv,overlap_with_pone
bloom-csv-row-61d8d0cc9a88a931,bloom-csv-question-04a23612cc2c43ff,Tell in your own words how the setting of the story made it more interesting.,understand,BT2,blooms_taxonomy_dataset_v1.csv,missing_context|overlap_with_pone
bloom-csv-row-dcd0193c7d63a92d,bloom-csv-question-048ae01a0e011ba2,Tell in your own words the beginning of the book.,understand,BT2,blooms_taxonomy_dataset_v1.csv,overlap_with_pone
bloom-csv-row-55a54172c047c2ca,bloom-csv-question-72a96cd97e3bc749,"In your own words, tell what is meant by the definition of an isosceles triangle.",understand,BT2,blooms_taxonomy_dataset_v1.csv,overlap_with_pone
bloom-csv-row-7dfbfbd194e0c520,bloom-csv-question-627880d32b8e44d4,"In your own words, how would you define transferable skills",understand,BT2,blooms_taxonomy_dataset_v1.csv,overlap_with_pone
bloom-csv-row-c35c64ee6f57de02,bloom-csv-question-cc9d2281e97294f4,Translate a written text aloud from L2 to English.,understand,BT2,blooms_taxonomy_dataset_v1.csv,missing_context|overlap_with_pone
bloom-csv-row-c3f66350a55b6d2e,bloom-csv-question-db0e2560b8bb19cd,Translate an equation into a computer spreadsheet.,understand,BT2,blooms_taxonomy_dataset_v1.csv,overlap_with_pone
bloom-csv-row-b68fc2c9de4d66f8,bloom-csv-question-7c103bcf8efaf7c6,Translate an equation into a spreadsheet formula.,understand,BT2,blooms_taxonomy_dataset_v1.csv,overlap_with_pone
bloom-csv-row-7b08880e7f9992a8,bloom-csv-question-7af82bb28e8d7a71,Translate the following passage from The Iliad into English.,understand,BT2,blooms_taxonomy_dataset_v1.csv,missing_context|overlap_with_pone
bloom-csv-row-0137b0be8ebe9a96,bloom-csv-question-f8c4900911a68042,Use the E-pH or Pourbaix diagram of Cr to determine the control current and potential for the anodic protection of a S43000 stainless steel vessel.,understand,BT2,blooms_taxonomy_dataset_v1.csv,missing_context|overlap_with_pone
bloom-csv-row-94fddf9332505262,bloom-csv-question-c2cad1b208de0134,"Compare and contrast two treatments of either drapery or animals by Greek sculptors, establishing their artistic contexts",understand,BT2,blooms_taxonomy_dataset_v1.csv,overlap_with_pone
bloom-csv-row-ae95c253b9bca24e,bloom-csv-question-24e5602bbb3e6fcb,"Briefly compare this way of testing the satisfiability of to the more standard way using SLD Resolution, as in Prolog",understand,BT2,blooms_taxonomy_dataset_v1.csv,overlap_with_pone
bloom-csv-row-0c173f6c493e5f3a,bloom-csv-question-4c85a74deb8fdbe7,How would you compare SAS with the Visual Basic Application and SPSS for the processing and analysis of mainframe data,understand,BT2,blooms_taxonomy_dataset_v1.csv,overlap_with_pone
bloom-csv-row-9d421f2897471634,bloom-csv-question-cc57e7b7b77ed7f4,Describe and compare the role of Islamic law in the legal systems of Malaysia and Pakistan,understand,BT2,blooms_taxonomy_dataset_v1.csv,overlap_with_pone
bloom-csv-row-85262f49447536dc,bloom-csv-question-daf2c03380ca6afa,Express the rule in function notation,understand,BT2,blooms_taxonomy_dataset_v1.csv,overlap_with_pone
bloom-csv-row-79dadb17419d1a4c,bloom-csv-question-fcc1ee83dd9d06b0,Express the following systems in matrix form,understand,BT2,blooms_taxonomy_dataset_v1.csv,missing_context|overlap_with_pone
bloom-csv-row-4415bc3ff97b9f7d,bloom-csv-question-075e0febabfa4b73,Express the following percentages as fractions in simplest form,understand,BT2,blooms_taxonomy_dataset_v1.csv,missing_context|overlap_with_pone
bloom-csv-row-2b0f77fc31ac5893,bloom-csv-question-24e3b5301531ed33,Explain the whole method of crushing,understand,BT2,blooms_taxonomy_dataset_v1.csv,overlap_with_pone
bloom-csv-row-72ccfa23bf860f63,bloom-csv-question-32ed763b77553e50,"In your own words, how would you summarize the story up",understand,BT2,blooms_taxonomy_dataset_v1.csv,missing_context|overlap_with_pone
bloom-csv-row-6fb46f53b35bd8ba,bloom-csv-question-ade439d6cdc9dd63,Summarize the main point of these two texts in your own words,understand,BT2,blooms_taxonomy_dataset_v1.csv,overlap_with_pone
bloom-csv-row-6049d64c65500869,bloom-csv-question-6e7e698a89751631,Outline the aim of two studies within the,understand,BT2,blooms_taxonomy_dataset_v1.csv,overlap_with_pone
bloom-csv-row-9f5947dedda17703,bloom-csv-question-ea8afdc18e3ec4bb,Outline your experience in working with service users,understand,BT2,blooms_taxonomy_dataset_v1.csv,overlap_with_pone
bloom-csv-row-2dfe823e42eba04c,bloom-csv-question-194fe901acab2f9c,How do teenagers use code in emails and instant messages?,apply,BT3,blooms_taxonomy_dataset_v1.csv,overlap_with_pone
bloom-csv-row-5af903f5c35f1b45,bloom-csv-question-2ccf7c9c5cc84b43,Use the second-derivative test to determine whether critical points where f0(x) = 0 yield relative maxima or relative minima,apply,BT3,blooms_taxonomy_dataset_v1.csv,overlap_with_pone
bloom-csv-row-b111fbd80258c7a3,bloom-csv-question-c413f2c8620e742b,Use the unification algorithm to determine whether the following two terms are uni_able. Show intermediate step,apply,BT3,blooms_taxonomy_dataset_v1.csv,missing_context|overlap_with_pone
bloom-csv-row-e0cf377a9bfd7a2b,bloom-csv-question-769a932878e0a1d9,Use tableau methods to prove that the following tableau is valid.,apply,BT3,blooms_taxonomy_dataset_v1.csv,missing_context|overlap_with_pone
bloom-csv-row-9ea94ceb2c95cc06,bloom-csv-question-1ad7387b9814ed5c,Use a sketch too find the exact value of each expression,apply,BT3,blooms_taxonomy_dataset_v1.csv,overlap_with_pone
bloom-csv-row-b67e70d4588095d0,bloom-csv-question-d3589087a851f77c,Use Gauss' Law to find the electric field between the plates when the charge on them is Q,apply,BT3,blooms_taxonomy_dataset_v1.csv,encoding_normalized
bloom-csv-row-f68538af47470a2a,bloom-csv-question-a5e489012446c90b,What happens if you restrict a determinental process to a subset R S?,apply,BT3,blooms_taxonomy_dataset_v1.csv,whitespace_normalized|overlap_with_pone
bloom-csv-row-c4c7e477d1efe188,bloom-csv-question-747c12c90b933dc4,What would happen if the rainfall doubled in your state next year,apply,BT3,blooms_taxonomy_dataset_v1.csv,overlap_with_pone
bloom-csv-row-fba85b9cdba6b12b,bloom-csv-question-bd2d52347ef5e721,What happens if you change the direction of the displacement (but not its size)?,apply,BT3,blooms_taxonomy_dataset_v1.csv,overlap_with_pone
bloom-csv-row-ef6ad75734bb29bd,bloom-csv-question-d7ad9e9037dc22aa,What would you do if a heavy growth of bacteria had occurred,apply,BT3,blooms_taxonomy_dataset_v1.csv,overlap_with_pone
bloom-csv-row-3b6742fcc7570b27,bloom-csv-question-374e0f4a410834b5,What would result if ...,apply,BT3,blooms_taxonomy_dataset_v1.csv,encoding_normalized|placeholder|overlap_with_pone
bloom-csv-row-d130705848586443,bloom-csv-question-d837bc8304e94d9a,What approach would you use to prove the truth of the below statement,apply,BT3,blooms_taxonomy_dataset_v1.csv,missing_context|overlap_with_pone
bloom-csv-row-03f2c101eb129ca1,bloom-csv-question-8a5f52a24457b59b,Construct one Turing Machine for computing each of the following functions,apply,BT3,blooms_taxonomy_dataset_v1.csv,missing_context|overlap_with_pone
bloom-csv-row-6dffda6e02d40bb1,bloom-csv-question-376903740ef7545a,Construct a Venn diagram to determine the validity of the given argument.,apply,BT3,blooms_taxonomy_dataset_v1.csv,missing_context|overlap_with_pone
bloom-csv-row-bdd5f4de258157e7,bloom-csv-question-009689a6f94412cb,Construct a dictionary and a truth table to determine if the following statements are logically equivalent,apply,BT3,blooms_taxonomy_dataset_v1.csv,missing_context|overlap_with_pone
bloom-csv-row-821bfd2ec4e089ca,bloom-csv-question-31fb4da777456c05,"How can we construct H given I, B and E?",apply,BT3,blooms_taxonomy_dataset_v1.csv,overlap_with_pone
bloom-csv-row-468807f7ca666293,bloom-csv-question-3ecc047135b50356,Construct a family of networks to demonstrate that the number of different mincuts in a network can be exponential in the size of the network,apply,BT3,blooms_taxonomy_dataset_v1.csv,overlap_with_pone
bloom-csv-row-16184ef38ebc3eac,bloom-csv-question-e1681e26bc2ded97,How do you construct foliations on a given manifold M?,apply,BT3,blooms_taxonomy_dataset_v1.csv,overlap_with_pone
bloom-csv-row-843288f60cad9829,bloom-csv-question-2643ff6dd1eb5e38,How to Construct the Optimal Maintenance Problem,apply,BT3,blooms_taxonomy_dataset_v1.csv,overlap_with_pone
bloom-csv-row-517bf4821647b625,bloom-csv-question-7c77b9a4c39edc5a,How to construct simple solutions when problems are complex?,apply,BT3,blooms_taxonomy_dataset_v1.csv,overlap_with_pone
bloom-csv-row-40c69fac4aae048c,bloom-csv-question-131855d71581be72,Construct the 4-Bit Ripple carry Adder Circuit,apply,BT3,blooms_taxonomy_dataset_v1.csv,overlap_with_pone
bloom-csv-row-1561348284ad5c11,bloom-csv-question-a623bd9cbd6b4fe2,Construct an analog circuit with the following specifications,apply,BT3,blooms_taxonomy_dataset_v1.csv,missing_context|overlap_with_pone
bloom-csv-row-13426f06babf5c6f,bloom-csv-question-fc4b232a8e27c281,Construct the Data Path of the RISC Processor given in the previous question,apply,BT3,blooms_taxonomy_dataset_v1.csv,overlap_with_pone
bloom-csv-row-ef741c0ff6fde65d,bloom-csv-question-c7b595785524dffe,"How do we construct agents that can deliver. ""good"" assistance",apply,BT3,blooms_taxonomy_dataset_v1.csv,encoding_normalized
bloom-csv-row-e4e8b22e21a962fa,bloom-csv-question-6af5caf798cc6ebc,How to construct the selected information system,apply,BT3,blooms_taxonomy_dataset_v1.csv,missing_context|overlap_with_pone
bloom-csv-row-8ff596262a3149aa,bloom-csv-question-2a80ce701a5e6750,Show how they have used creative writing strategies appropriate to the format,apply,BT3,blooms_taxonomy_dataset_v1.csv,overlap_with_pone
bloom-csv-row-ad0287dfb5e34875,bloom-csv-question-074d30f3647a73e0,Show how to modify Fitch's algorithm given in class today to accommodate non-binary,apply,BT3,blooms_taxonomy_dataset_v1.csv,overlap_with_pone
bloom-csv-row-58e5687240eca079,bloom-csv-question-d01fc13f07a0d673,Show how E-CRM can be used to improve marketing positioning as explained in the article,apply,BT3,blooms_taxonomy_dataset_v1.csv,missing_context|overlap_with_pone
bloom-csv-row-f136fb9b19666c0d,bloom-csv-question-60f037314004b3e1,How would you show your understanding of the ABC process,apply,BT3,blooms_taxonomy_dataset_v1.csv,overlap_with_pone
bloom-csv-row-b66290622aecad42,bloom-csv-question-94d8fa7fa4724df7,Show me how you would check the brake lights are working on this car,apply,BT3,blooms_taxonomy_dataset_v1.csv,overlap_with_pone
bloom-csv-row-235b70aaeb1a90bb,bloom-csv-question-a25a081161268f44,In what ways are foxes similar to wolves and dogs,analyze,BT4,blooms_taxonomy_dataset_v1.csv,overlap_with_pone
bloom-csv-row-6d0dac17006533d7,bloom-csv-question-16230c45d6989ee6,How are the adolescents with ASD similar of different from each other in their sources of communication breakdowns ?,analyze,BT4,blooms_taxonomy_dataset_v1.csv,overlap_with_pone
bloom-csv-row-a92ca2bccd9f223b,bloom-csv-question-cee1c97dd280e591,Examine the data in the EMPLOYEES and DEPARTMENTS tables,analyze,BT4,blooms_taxonomy_dataset_v1.csv,overlap_with_pone
bloom-csv-row-3bb0e9d6063bde77,bloom-csv-question-da566a5dcd1b2b00,Examine the differences between the model excluding the most influential observation and the model including all observations.,analyze,BT4,blooms_taxonomy_dataset_v1.csv,overlap_with_pone
bloom-csv-row-5a3afedae2f65e0a,bloom-csv-question-a8cf794bd1028f7d,Critically examine the strengths and weaknesses of the positivist paradigm,analyze,BT4,blooms_taxonomy_dataset_v1.csv,overlap_with_pone
bloom-csv-row-34a14e8341ba5d8d,bloom-csv-question-7a05bc68bc53835b,Examine differences between the means of each individual switching factor.,analyze,BT4,blooms_taxonomy_dataset_v1.csv,overlap_with_pone
bloom-csv-row-971c553b6af0dd62,bloom-csv-question-84635f629a1d45e6,Examine carefully the given map extract on the following page to help you work out the exercise below.,analyze,BT4,blooms_taxonomy_dataset_v1.csv,missing_context|overlap_with_pone
bloom-csv-row-13337ab98d9aad1f,bloom-csv-question-3cd278e66caec86b,"Inspect each of these Boolean expressions, and determine whether each one is a sum of products, or a product of sums",analyze,BT4,blooms_taxonomy_dataset_v1.csv,overlap_with_pone
bloom-csv-row-2e43f339c62c99d5,bloom-csv-question-ff1e0937350abdbf,Inspect the size of the loaded data: how many objects and variables does the iris data matrix contain?,analyze,BT4,blooms_taxonomy_dataset_v1.csv,overlap_with_pone
bloom-csv-row-8d06394862151d58,bloom-csv-question-c4afa4203f05c3d1,Can you distinguish for me between what is reasonably achievable and what are exaggerations,analyze,BT4,blooms_taxonomy_dataset_v1.csv,whitespace_normalized|overlap_with_pone
bloom-csv-row-acfd12f7d66cc768,bloom-csv-question-11f64164e112a039,Can you distinguish aged rums from unaged rums by smell,analyze,BT4,blooms_taxonomy_dataset_v1.csv,overlap_with_pone
bloom-csv-row-b6674b2aa09a646a,bloom-csv-question-4d343cd3ba3ef2f9,Can you distinguish pot still rums from column still rums by taste,analyze,BT4,blooms_taxonomy_dataset_v1.csv,overlap_with_pone
bloom-csv-row-c8ed5c94f9c6dc77,bloom-csv-question-5749bf8a55d960d0,"Inspect the pattern of GPS positions relative to the ""known"" published value",analyze,BT4,blooms_taxonomy_dataset_v1.csv,encoding_normalized
bloom-csv-row-743fa8b9bed09fc9,bloom-csv-question-3a0eeaabc85d2c14,How does your agency inspect against its expectation for operators,analyze,BT4,blooms_taxonomy_dataset_v1.csv,overlap_with_pone
bloom-csv-row-5a59ed5ebcc5c718,bloom-csv-question-e50d8e3b35257fd5,How to inspect and maintain fresh water plumbing systems properly,analyze,BT4,blooms_taxonomy_dataset_v1.csv,overlap_with_pone
bloom-csv-row-2f14714c180505cc,bloom-csv-question-7da97c30339e9772,Can you analyze the fractures and determine which should be repaired surgically,analyze,BT4,blooms_taxonomy_dataset_v1.csv,overlap_with_pone
bloom-csv-row-f504bd3099d1bc00,bloom-csv-question-3f30faf304cdf6ba,Can you please analyze modern contemporary culture and tell me how your work plays a significant part in the remains of our post-modernist culture ?,analyze,BT4,blooms_taxonomy_dataset_v1.csv,overlap_with_pone
bloom-csv-row-1affbe2bfcef8e5c,bloom-csv-question-531558da96a22c51,"How effectively did students analyze course content on race, class, and privilege through autobiographical reflection",analyze,BT4,blooms_taxonomy_dataset_v1.csv,overlap_with_pone
bloom-csv-row-463898ac00df2a4c,bloom-csv-question-a170537ee2bc2860,How do you analyze a marginally RCT,analyze,BT4,blooms_taxonomy_dataset_v1.csv,overlap_with_pone
bloom-csv-row-b3f6df4ad10b0c04,bloom-csv-question-c44fe01a0434864a,"Contrast the treatment of ""well known"" trademarks provided by Paris Article and by TRIPS Article",analyze,BT4,blooms_taxonomy_dataset_v1.csv,missing_context|overlap_with_pone
bloom-csv-row-22c2c6ebe0bb14dc,bloom-csv-question-48efa2181ec49be8,Contrast the Valles Marineris on Mars with the Grand Canyon,analyze,BT4,blooms_taxonomy_dataset_v1.csv,overlap_with_pone
bloom-csv-row-2252a9aae5764613,bloom-csv-question-832aa9286fce30f1,How does Hawaii contrast and compare to Florida?,analyze,BT4,blooms_taxonomy_dataset_v1.csv,overlap_with_pone
bloom-csv-row-b5332d436bbdb739,bloom-csv-question-71d0dcb3244a12c4,Investigate whether or not the system can be solved for x; y; z,analyze,BT4,blooms_taxonomy_dataset_v1.csv,whitespace_normalized|overlap_with_pone
bloom-csv-row-20394be729cd5a1c,bloom-csv-question-b8fa978dc2aa26e8,Investigate (pointwise) convergence and absolute convergence of the given series of functions,analyze,BT4,blooms_taxonomy_dataset_v1.csv,overlap_with_pone
bloom-csv-row-21282c541faf2da3,bloom-csv-question-56af13ed8e2f1149,How would you investigate this patient,analyze,BT4,blooms_taxonomy_dataset_v1.csv,overlap_with_pone
bloom-csv-row-80e7fe318ed7debe,bloom-csv-question-ad005f928cba76d5,How would you investigate this abnormality,analyze,BT4,blooms_taxonomy_dataset_v1.csv,overlap_with_pone
bloom-csv-row-4544aca637c2895e,bloom-csv-question-dfd4dd2d81c81733,What can I do to investigate this problem further,analyze,BT4,blooms_taxonomy_dataset_v1.csv,overlap_with_pone
bloom-csv-row-542a17649aaa0761,bloom-csv-question-83f2a3d2c753cd59,how the investigation was undertaken,analyze,BT4,blooms_taxonomy_dataset_v1.csv,overlap_with_pone
bloom-csv-row-f23401653daf08e0,bloom-csv-question-6b804e86ee0fd397,How would you differentiate between heterodox and mainstream,analyze,BT4,blooms_taxonomy_dataset_v1.csv,overlap_with_pone
bloom-csv-row-d074452c06c313d0,bloom-csv-question-12bebf37054347ee,"How do I differentiate between ""deceive"" and ""cheat on""?",analyze,BT4,blooms_taxonomy_dataset_v1.csv,overlap_with_pone
bloom-csv-row-072a1b1b12ba401f,bloom-csv-question-a112d9697c94009a,Revise how to complete a complex task in order to improve the outcome.,create,BT6,blooms_taxonomy_dataset_v1.csv,overlap_with_pone
bloom-csv-row-508de054df6e3855,bloom-csv-question-4b59ce00a3dedea3,Revises and process to improve the outcome.,create,BT6,blooms_taxonomy_dataset_v1.csv,overlap_with_pone
bloom-csv-row-8f44532a1777ace7,bloom-csv-question-a4e58c0dc026d557,"structure, sorts the list in ascending order, displays the list on the screen and stores the list",create,BT6,blooms_taxonomy_dataset_v1.csv,overlap_with_pone
bloom-csv-row-6e962a1685ab7b77,bloom-csv-question-fd3642ae486c726a,Suppose Phillip wasn't rescued shortly after Timothy's death. How long could he have survived?,create,BT6,blooms_taxonomy_dataset_v1.csv,overlap_with_pone
bloom-csv-row-38de215ad31513d2,bloom-csv-question-f8ca8d4641cdb66d,"Using information from the book about one of the main characters, rewrite the ending of the book.",create,BT6,blooms_taxonomy_dataset_v1.csv,overlap_with_pone
bloom-csv-row-e72a7276f10c5814,bloom-csv-question-668a22f1d415a544,What ideas can you add to...?,create,BT6,blooms_taxonomy_dataset_v1.csv,placeholder|overlap_with_pone
bloom-csv-row-40316324ed8e34f3,bloom-csv-question-266c972f9b8b3b91,What might happen if you combined...?,create,BT6,blooms_taxonomy_dataset_v1.csv,placeholder|overlap_with_pone
bloom-csv-row-37ef5f8ad1b70c25,bloom-csv-question-5db3867ca4868fc7,What solutions would you suggest for...?,create,BT6,blooms_taxonomy_dataset_v1.csv,placeholder|overlap_with_pone
bloom-csv-row-5fcaa413e7a47567,bloom-csv-question-2c968dbfda07ecfa,What would happen if . . .?,create,BT6,blooms_taxonomy_dataset_v1.csv,overlap_with_pone
bloom-csv-row-d606bff7ab3689c0,bloom-csv-question-8fc7e944017f5518,What would you predict/infer from...?,create,BT6,blooms_taxonomy_dataset_v1.csv,placeholder|overlap_with_pone
bloom-csv-row-5fee222213bd6448,bloom-csv-question-52080884414adf1e,Why don't you devise your own way to deal with . . .?,create,BT6,blooms_taxonomy_dataset_v1.csv,encoding_normalized
bloom-csv-row-01b19625cf2d8a3e,bloom-csv-question-69a015246aefb5a9,Why not compose a song about . . .?,create,BT6,blooms_taxonomy_dataset_v1.csv,overlap_with_pone
bloom-csv-row-2d0d80b45d5a9b0e,bloom-csv-question-b0644c74d5a26e32,"Write a C program that accepts integer inputs from the screen, computes the total and average values; and displays the values on the screen.",create,BT6,blooms_taxonomy_dataset_v1.csv,overlap_with_pone
bloom-csv-row-21046b113b5ac019,bloom-csv-question-d77b79ea53298a77,Write a letter to the editor on a social issue of concern to you.,create,BT6,blooms_taxonomy_dataset_v1.csv,overlap_with_pone
bloom-csv-row-eaa25c9a22416554,bloom-csv-question-9e1da754d34a7c59,Write a logically organized argument in favor of a given position.,create,BT6,blooms_taxonomy_dataset_v1.csv,overlap_with_pone
bloom-csv-row-82ceba66bbfdb373,bloom-csv-question-9628196e9299004e,Write a poem about this book.,create,BT6,blooms_taxonomy_dataset_v1.csv,overlap_with_pone
bloom-csv-row-67c98321f69c5696,bloom-csv-question-e0fc327f04a3aff1,Write a set of rules to prevent what happened in the story.,create,BT6,blooms_taxonomy_dataset_v1.csv,missing_context|overlap_with_pone
bloom-csv-row-cbe84df0baaac2d7,bloom-csv-question-9ef1c220241d82dc,Write a short story relating a personal experience in the style of a picaresque novel.,create,BT6,blooms_taxonomy_dataset_v1.csv,missing_context|overlap_with_pone
bloom-csv-row-6324f88acbcff990,bloom-csv-question-aef212a8a0763eba,Write a song about 'Old MacDonald' who had a bulldozer instead of a farm.,create,BT6,blooms_taxonomy_dataset_v1.csv,overlap_with_pone
bloom-csv-row-0c9efb6fbdded500,bloom-csv-question-92d28802cdc8f403,Write an essay in not more than 250 words about India and Technological Advancement. Use active voice as much as possible.,create,BT6,blooms_taxonomy_dataset_v1.csv,overlap_with_pone
bloom-csv-row-970927b45e577188,bloom-csv-question-cfd5b49e7af17b71,How do you combine the results of various individual tests to determine whether a student can progress to a next semester / phase / year?,create,BT6,blooms_taxonomy_dataset_v1.csv,overlap_with_pone
bloom-csv-row-5520d8a3463f6ef1,bloom-csv-question-d4ea33e07efff7fd,How can we combine and abstract facts about a software system to create new knowledge?,create,BT6,blooms_taxonomy_dataset_v1.csv,overlap_with_pone
bloom-csv-row-94cbb5622f9e1e9e,bloom-csv-question-9b6a8e53d5355b3c,How to combine virtual symmetry and symbolic model checking effectively,create,BT6,blooms_taxonomy_dataset_v1.csv,overlap_with_pone
bloom-csv-row-293ad1630119c1bf,bloom-csv-question-5eaab52930cbdc60,How do we efficiently combine multiple subject graphs to construct an aig with choice,create,BT6,blooms_taxonomy_dataset_v1.csv,overlap_with_pone
bloom-csv-row-a0a4985502f04d00,bloom-csv-question-7499d4a57c550aeb,how do we devise a way to enforce the laws,create,BT6,blooms_taxonomy_dataset_v1.csv,overlap_with_pone
bloom-csv-row-9c8275714d439196,bloom-csv-question-491377480eaa8a14,can you devise an explicit formula for,create,BT6,blooms_taxonomy_dataset_v1.csv,overlap_with_pone
bloom-csv-row-044c4586520a823a,bloom-csv-question-9b11749b0b0a7e53,Do you devise a systematic approach in order to get larger progressions,create,BT6,blooms_taxonomy_dataset_v1.csv,overlap_with_pone
bloom-csv-row-aa7f3c6e195a8418,bloom-csv-question-ca0c8c5d676eb5c1,Develop and execute a program for this exercise,create,BT6,blooms_taxonomy_dataset_v1.csv,overlap_with_pone
bloom-csv-row-98344bd3cc96a266,bloom-csv-question-ddf37f7f1f56d0a2,Develop a network based on the following information: Activity Immediate predecessors,create,BT6,blooms_taxonomy_dataset_v1.csv,missing_context|overlap_with_pone
bloom-csv-row-d81d38c053552926,bloom-csv-question-7b67d4a3f4c7a1e2,How could we develop a coherent measure of success for organisations engaged in this type of activity with young people?,create,BT6,blooms_taxonomy_dataset_v1.csv,overlap_with_pone
bloom-csv-row-b1f2ad4cc1127e7f,bloom-csv-question-2b34d7789dddfaec,Select the best proposal for a proposed water treatment plant.,evaluate,BT5,blooms_taxonomy_dataset_v1.csv,overlap_with_pone
bloom-csv-row-355b614b0d4d4d0e,bloom-csv-question-64dbd636dc13069a,Select the most effective solution.,evaluate,BT5,blooms_taxonomy_dataset_v1.csv,overlap_with_pone
bloom-csv-row-0725b3d944cfb0cc,bloom-csv-question-88e2260d5cf2960a,suggest ways in which it could have responded more effectively,evaluate,BT5,blooms_taxonomy_dataset_v1.csv,overlap_with_pone
bloom-csv-row-6fb6c7b314d2a762,bloom-csv-question-42bee1c77c9b43b4,decide about the most exciting part of the book. being sure to give at least three reasons why?,evaluate,BT5,blooms_taxonomy_dataset_v1.csv,overlap_with_pone
bloom-csv-row-b009aa470366c0e0,bloom-csv-question-3fef158a2dd9e14a,Use a judge and jury to discuss the statement 'Children enjoy Anthony Browne's books because of the illustrations'.,evaluate,BT5,blooms_taxonomy_dataset_v1.csv,overlap_with_pone
bloom-csv-row-c7c94e4f372cb950,bloom-csv-question-d643ab3d1450bbf4,"Using straight value depreciation, decide between two copper-nickel alloys for the design of a heat exchanger.",evaluate,BT5,blooms_taxonomy_dataset_v1.csv,whitespace_normalized|overlap_with_pone
bloom-csv-row-14c734f2947f2a6d,bloom-csv-question-537c36f93082c394,"Using the basic principles of socialism discussed in this course, evaluate the US economic system by providing key arguments to support your judgment.",evaluate,BT5,blooms_taxonomy_dataset_v1.csv,overlap_with_pone
bloom-csv-row-0ddae05ade3e8a1b,bloom-csv-question-3aea2a95b171e623,Was Hemingway a great American writer? First you will need to define greatness.,evaluate,BT5,blooms_taxonomy_dataset_v1.csv,overlap_with_pone
bloom-csv-row-6b66e80eb8e3151c,bloom-csv-question-5fd492b4479d9489,What changes to . . . would you recommend?,evaluate,BT5,blooms_taxonomy_dataset_v1.csv,overlap_with_pone
bloom-csv-row-3f4f5774e220082f,bloom-csv-question-eed5ef0c688072c3,What criteria would you use to assess the validity of a business contract?,evaluate,BT5,blooms_taxonomy_dataset_v1.csv,overlap_with_pone
bloom-csv-row-b0f42a2ed409d7bc,bloom-csv-question-cd3c63246a384751,What criteria would you use to assess...?,evaluate,BT5,blooms_taxonomy_dataset_v1.csv,placeholder|overlap_with_pone
bloom-csv-row-02f81c480dcdf681,bloom-csv-question-b69791cdf518019b,What do you think about . . .?,evaluate,BT5,blooms_taxonomy_dataset_v1.csv,overlap_with_pone
bloom-csv-row-dea48c77438dc683,bloom-csv-question-f93283d1c101b4b5,What is part of this book did you like best. Tell why you like it?,evaluate,BT5,blooms_taxonomy_dataset_v1.csv,overlap_with_pone
bloom-csv-row-753a9a8b1efb8f2d,bloom-csv-question-d52ddccc35af1c23,What is the most important...?,evaluate,BT5,blooms_taxonomy_dataset_v1.csv,placeholder|overlap_with_pone
bloom-csv-row-33a85b82dfcced8e,bloom-csv-question-521e3dba0a2a6e57,Which of the following actions would probably be least effective in determining the answer?,evaluate,BT5,blooms_taxonomy_dataset_v1.csv,missing_context|overlap_with_pone
bloom-csv-row-9844114ac1924abc,bloom-csv-question-e86683bf94c3baf7,"Which of the two algorithms, bubblesort or quicksort, is more efficient? Justify your answer.",evaluate,BT5,blooms_taxonomy_dataset_v1.csv,overlap_with_pone
bloom-csv-row-973af9b7f72b2fb0,bloom-csv-question-38a6d379698975a8,Would you have liked to have had Cinderella for a sister? Explain why or why not.,evaluate,BT5,blooms_taxonomy_dataset_v1.csv,overlap_with_pone
bloom-csv-row-60673a27d146e841,bloom-csv-question-2ba96fef291c80bf,Write a list of criteria to judge the Willy raps.,evaluate,BT5,blooms_taxonomy_dataset_v1.csv,overlap_with_pone
bloom-csv-row-f1ce08afceac3e03,bloom-csv-question-d03ef54a399daef5,Revise the story and specify the type of audience that would enjoy this book.,evaluate,BT5,blooms_taxonomy_dataset_v1.csv,missing_context|overlap_with_pone
bloom-csv-row-5ad0b90163a879e5,bloom-csv-question-f9d05e4ed9487b42,Estimate the epicentral coordinates of the earth-quake,evaluate,BT5,blooms_taxonomy_dataset_v1.csv,overlap_with_pone
bloom-csv-row-ad6ff5f0def80325,bloom-csv-question-394d33a669e012f5,Estimate the risk of serious illness for consumers in different susceptible population groups,evaluate,BT5,blooms_taxonomy_dataset_v1.csv,overlap_with_pone
bloom-csv-row-a6e8b3672741faea,bloom-csv-question-6fb53bf8f8cbcdf8,Estimate expenditure on HIV/AIDS education,evaluate,BT5,blooms_taxonomy_dataset_v1.csv,overlap_with_pone
bloom-csv-row-75e9a109cda413a4,bloom-csv-question-627e0736be0aea7a,Estimate the difficulty of the question,evaluate,BT5,blooms_taxonomy_dataset_v1.csv,overlap_with_pone
bloom-csv-row-1b409a6e030a7377,bloom-csv-question-53e3ea9e9fa5fff2,Estimate roughly how long the collision process takes,evaluate,BT5,blooms_taxonomy_dataset_v1.csv,overlap_with_pone
bloom-csv-row-709f110a7da70fd7,bloom-csv-question-1a3002d1b351ad23,What do you think is the best thing about coming to Viestal?,evaluate,BT5,blooms_taxonomy_dataset_v1.csv,overlap_with_pone
bloom-csv-row-1b4cff2a48a3807b,bloom-csv-question-35a03a940062076f,What do you think is the mass and why,evaluate,BT5,blooms_taxonomy_dataset_v1.csv,overlap_with_pone
bloom-csv-row-8a2b9091f7036e89,bloom-csv-question-d7ee9a35fc1ea810,What do you think are the strengths of using integrated math in your program?,evaluate,BT5,blooms_taxonomy_dataset_v1.csv,overlap_with_pone
bloom-csv-row-69e675693c7fa52b,bloom-csv-question-b0c6721846658c50,Do you think that this statement conveys the idea that i am trying to portray,evaluate,BT5,blooms_taxonomy_dataset_v1.csv,overlap_with_pone
bloom-csv-row-d50e1ec763a3db3a,bloom-csv-question-2c0058db4adcfe2c,How do you think the community should grow or change,evaluate,BT5,blooms_taxonomy_dataset_v1.csv,overlap_with_pone
bloom-csv-row-0f757e618b8cc348,bloom-csv-question-ea6100c30f86c86d,How Do You Think One Should Reason in Making Ethical Decisions in Business,evaluate,BT5,blooms_taxonomy_dataset_v1.csv,overlap_with_pone
bloom-csv-row-57e20db50517c0e4,bloom-csv-question-7ae2562930cb6634,Can you tell me about the stages of grief according to Elisabeth Kübler-Ross?,remember,BT1,blooms_taxonomy_dataset_v1.csv,none
bloom-csv-row-1adaff4c018b147e,bloom-csv-question-57e9c546fad1915d,An infinitely long plane uniform plate is bounded by two parallel edges in the y direction and an end at right angles to them.,analyze,BT4,blooms_taxonomy_dataset_v1.csv,none
bloom-csv-row-e400df534ba9eda8,bloom-csv-question-b0c06d2b78d304b9,List out FIVE (5) ways how manufacturing and service companies have commitment toward the environmental friendly practices.,remember,BT1,blooms_taxonomy_dataset_v1.csv,whitespace_normalized
bloom-csv-row-36ed30e3a3e377ad,bloom-csv-question-f94bc6aff5f1afe7,Write short notes on the structure of RNA.,understand,BT2,blooms_taxonomy_dataset_v1.csv,whitespace_normalized
bloom-csv-row-bc7d9c3eeb8c443f,bloom-csv-question-308271606233b961,A PIC 18 is connected to the 4MHz crystal oscillator.,apply,BT3,blooms_taxonomy_dataset_v1.csv,none
bloom-csv-row-d06ca88b3028ca0d,bloom-csv-question-664a26167b26d2a9,What are the file access methods?,remember,BT1,blooms_taxonomy_dataset_v1.csv,none
bloom-csv-row-d39e8121dd876b12,bloom-csv-question-cd19bcbfa4208771,"Referring to the advertisement design below, evaluate the usage of Dominance and Unity in principles of design.",evaluate,BT5,blooms_taxonomy_dataset_v1.csv,missing_context
bloom-csv-row-512206960ba5b7ee,bloom-csv-question-16019d7fc5ba7b9a,A fair coin is tossed 64 times.,apply,BT3,blooms_taxonomy_dataset_v1.csv,none
bloom-csv-row-fcb0e6a0d9f4a03f,bloom-csv-question-a083dc5a11896462,What do you mean by Widmanstatten Structure?,remember,BT1,blooms_taxonomy_dataset_v1.csv,none
bloom-csv-row-595d22f324e928d4,bloom-csv-question-b3d3a50bfdd841c2,Design a spring for a balance to measure 0 to 1000 N over a scale of length 80 mm.,apply,BT3,blooms_taxonomy_dataset_v1.csv,none
bloom-csv-row-35d92ac8c01a5733,bloom-csv-question-0359ec7fb6499a9c,Give the specifications and applications of SCR.,remember,BT1,blooms_taxonomy_dataset_v1.csv,none
bloom-csv-row-1ec21811f76b6059,bloom-csv-question-1c31d03892e463fc,Causes of Gear Tooth Failure explain in detail.,analyze,BT4,blooms_taxonomy_dataset_v1.csv,none
bloom-csv-row-1ff9df2489850958,bloom-csv-question-cabf9a17e6b03c98,Describe the types of vibrators used for compaction of concrete.,remember,BT1,blooms_taxonomy_dataset_v1.csv,none
bloom-csv-row-8a2ded85a49977a6,bloom-csv-question-60a731f25132a54e,What are the causes of an earthquakes.,remember,BT1,blooms_taxonomy_dataset_v1.csv,none
bloom-csv-row-ea4e7d7c9b122244,bloom-csv-question-df18d5c1a1e05c6a,What is Biomass?,remember,BT1,blooms_taxonomy_dataset_v1.csv,very_short
bloom-csv-row-72a9d00c92ddf738,bloom-csv-question-74cf524c8bf027ab,Explain the use of for loop with syntax and suitable programming example in Java.,understand,BT2,blooms_taxonomy_dataset_v1.csv,none
bloom-csv-row-b0c5b5c70b6b5812,bloom-csv-question-776cf20e1df36908,"Draw the band diagram of a reverse biased pn junction. With reference to the band diagram and charge carriers, explain why there is negligible current flow in the diode.",understand,BT2,blooms_taxonomy_dataset_v1.csv,whitespace_normalized|missing_context
bloom-csv-row-bc6ac702df7703f9,bloom-csv-question-ad43468f6ac9c7ce,The pre-planning stage of a lesson takes into consideration several factors. Name FIVE (5) external factors and briefly explain the importance of each of the factors.,understand,BT2,blooms_taxonomy_dataset_v1.csv,whitespace_normalized
bloom-csv-row-10f3b6dbf915bc12,bloom-csv-question-3b7c5b663252ffcc,Differentiate between Convective and local Accelerations.,analyze,BT4,blooms_taxonomy_dataset_v1.csv,none
bloom-csv-row-c5d7dd9fe9749af1,bloom-csv-question-70b0be07dbbfc92a,Describe Packet format of IPv6 in detail with suitable diagram.,analyze,BT4,blooms_taxonomy_dataset_v1.csv,missing_context
bloom-csv-row-efcf0de48d9b7d41,bloom-csv-question-1cbf3d49482c0b85,List FIVE (5) basic types of research.,remember,BT1,blooms_taxonomy_dataset_v1.csv,none
bloom-csv-row-166b5293ab4d838f,bloom-csv-question-537913875ac5997e,Give the mechanism of nitration of benzene.,apply,BT3,blooms_taxonomy_dataset_v1.csv,none
bloom-csv-row-64efd1803d6c9f1e,bloom-csv-question-df7044ff9dc630dc,What is the significance of coating on the material properties?,remember,BT1,blooms_taxonomy_dataset_v1.csv,none
bloom-csv-row-b97cbf9ee8a4fcba,bloom-csv-question-44296c40b94677ba,Determine the doping levels in the respective regions.,apply,BT3,blooms_taxonomy_dataset_v1.csv,none
bloom-csv-row-7eff02f89e4cff0a,bloom-csv-question-e180180a443b8f70,How is the equilibrium constant K related to the standard free energy change?,analyze,BT4,blooms_taxonomy_dataset_v1.csv,none
bloom-csv-row-5e6e7eb62badf5ba,bloom-csv-question-98e1f0f195d1a06e,Write a short note on bearing materials.,remember,BT1,blooms_taxonomy_dataset_v1.csv,none
bloom-csv-row-7df56946b67e128b,bloom-csv-question-30f48425c98eff85,Explain in detail the importance of preliminary geological exploration in civil engineering projects.,remember,BT1,blooms_taxonomy_dataset_v1.csv,none
bloom-csv-row-a82428c7e613df22,bloom-csv-question-a4ded55530c523d8,Write short note on current boosting regulator.,understand,BT2,blooms_taxonomy_dataset_v1.csv,none
bloom-csv-row-f586fb71e2b0ef16,bloom-csv-question-6bbcfcfb3f6c5ac8,Derive formula for numerical differentiation of first order using Newton’s forward interpolation technique.,analyze,BT4,blooms_taxonomy_dataset_v1.csv,encoding_normalized
bloom-csv-row-1501718b72c59137,bloom-csv-question-19e69b526d8c9001,Explain in brief the direct screen stencil making process.,remember,BT1,blooms_taxonomy_dataset_v1.csv,none
bloom-csv-row-97e078cc56d1a16c,bloom-csv-question-512266ff4c3c867a,"Using the process approach in writing composition, describe the activities you would carry out to write a composition entitled 'A visit to a zoo in a Form 1 class.",understand,BT2,blooms_taxonomy_dataset_v1.csv,whitespace_normalized
bloom-csv-row-56ff4535294d7fdc,bloom-csv-question-fc8e1d910f18964f,Define Usability.,remember,BT1,blooms_taxonomy_dataset_v1.csv,very_short
bloom-csv-row-30752dff98fe46c2,bloom-csv-question-562446c4f905242e,State and explain the working principle of the DC generator along with a diagram.,remember,BT1,blooms_taxonomy_dataset_v1.csv,whitespace_normalized|missing_context
bloom-csv-row-ba680e13bd8a1dc8,bloom-csv-question-f79e2202841a867c,Compare linear and switching mode power supply.,remember,BT1,blooms_taxonomy_dataset_v1.csv,none
bloom-csv-row-03811b0ea603d69a,bloom-csv-question-6d2e45c84e45f1e6,Draw Production Possibilities Frontier and Trading Possibilities Frontier for China and Thailand. Clearly label the total output before specialization and total output after trade in the diagrams.,understand,BT2,blooms_taxonomy_dataset_v1.csv,none
bloom-csv-row-f0b97be073bcf60d,bloom-csv-question-4d40870ec0ed20a4,Explain effective modular design with neat diagram.,analyze,BT4,blooms_taxonomy_dataset_v1.csv,missing_context
bloom-csv-row-dfe228d762870c2b,bloom-csv-question-045cc3dcff57ddc8,Draw the ASM chart for the following state machine.,apply,BT3,blooms_taxonomy_dataset_v1.csv,missing_context
bloom-csv-row-d853cebfd44428be,bloom-csv-question-e06a234220f408c9,What is configuration identification in SCM?,remember,BT1,blooms_taxonomy_dataset_v1.csv,none
bloom-csv-row-25981fc18d1e7ed9,bloom-csv-question-e7ba9d7e0fdbc57f,List and explain various features of virtual 8086 mode.,remember,BT1,blooms_taxonomy_dataset_v1.csv,source_duplicate
bloom-csv-row-602a47dbd4b08921,bloom-csv-question-2d36e2e6103a734d,Explain model for network security.,remember,BT1,blooms_taxonomy_dataset_v1.csv,none
bloom-csv-row-cebd1f0a817d6abb,bloom-csv-question-f730ce7babc406dc,Explain Demand and supply curve.,understand,BT2,blooms_taxonomy_dataset_v1.csv,none
bloom-csv-row-d6c08fd015643ba5,bloom-csv-question-47841651ed7bdd88,Describe the THREE (3) causes of concrete blister.,understand,BT2,blooms_taxonomy_dataset_v1.csv,whitespace_normalized
bloom-csv-row-66bca2f818a4fbda,bloom-csv-question-11e66082eb57c0ef,Explain transfer function of an AC servo motor with suitable diagram.,remember,BT1,blooms_taxonomy_dataset_v1.csv,missing_context
bloom-csv-row-98217a6ab7822bd4,bloom-csv-question-1132f5a26615281b,What is Design?,remember,BT1,blooms_taxonomy_dataset_v1.csv,very_short
bloom-csv-row-f0defb7b532869be,bloom-csv-question-b0893258a0c05d9f,Illustrate the THREE (3) advantages of silicon over germanium.,understand,BT2,blooms_taxonomy_dataset_v1.csv,whitespace_normalized
bloom-csv-row-c10ce2193d99cd85,bloom-csv-question-b20a93adec00f2e4,Explain the representation of polynomial using GLL.,analyze,BT4,blooms_taxonomy_dataset_v1.csv,none
bloom-csv-row-c272ff7b83e96eac,bloom-csv-question-a469e8bb59fa467b,State the different applications of contour lines.,understand,BT2,blooms_taxonomy_dataset_v1.csv,none
bloom-csv-row-4b2276347699f910,bloom-csv-question-c7c63080549f5491,A girder or uniform section and constant depth is freely supported over a span of 200 Centimeters.,apply,BT3,blooms_taxonomy_dataset_v1.csv,whitespace_normalized
bloom-csv-row-9966d3c8b0065257,bloom-csv-question-c8fb97f8acc91b81,What is Decomposition Technique?,remember,BT1,blooms_taxonomy_dataset_v1.csv,none
bloom-csv-row-a806bb6bb0bf00ff,bloom-csv-question-8536331c5de607da,Describe the historical development of wind turbine on global level.,remember,BT1,blooms_taxonomy_dataset_v1.csv,none
bloom-csv-row-7b32c5039107efb4,bloom-csv-question-b68999cb6128dd4b,List the SEVEN (7) stages of the development process of a building project.,remember,BT1,blooms_taxonomy_dataset_v1.csv,whitespace_normalized
bloom-csv-row-4bffb90c35eca971,bloom-csv-question-381498606cb45caa,Draw and discuss the bimetallic thermometer.,understand,BT2,blooms_taxonomy_dataset_v1.csv,none
bloom-csv-row-432fca3b37507cf7,bloom-csv-question-f515da7fbefb59a5,Explain in detail pipeline performance.,understand,BT2,blooms_taxonomy_dataset_v1.csv,none
bloom-csv-row-61220677b5886986,bloom-csv-question-8c0fd0a10f686e4e,Describe the circumstances when tertiary treatment of wastewater is necessary.,understand,BT2,blooms_taxonomy_dataset_v1.csv,whitespace_normalized
bloom-csv-row-3edd05e211852d7c,bloom-csv-question-5b566d8d507792f0,Calculate the average holding and setup cost per year.,apply,BT3,blooms_taxonomy_dataset_v1.csv,whitespace_normalized
bloom-csv-row-9a24a9d39e159074,bloom-csv-question-921f42eae2e41eb9,"""The bullwhip measure can be used to analyze supply chains. Nevertheless, inaccurate measures taken in addressing variance amplification can have ramifications"". Explain this statement.",understand,BT2,blooms_taxonomy_dataset_v1.csv,whitespace_normalized
bloom-csv-row-c320f01d33c58b21,bloom-csv-question-75ee8546d125624c,Explain the working o single-phase full wave centre tapped rectifier with pure resistive laod.,remember,BT1,blooms_taxonomy_dataset_v1.csv,none
bloom-csv-row-0861238174b42233,bloom-csv-question-27ed4978cacd0229,State the different patterns of counter showing natural features.,understand,BT2,blooms_taxonomy_dataset_v1.csv,none
bloom-csv-row-bbc06b89fd865fcc,bloom-csv-question-f6c21fe4880e6a51,Explain the possible flow patterns in the culvert depending on the level of the rain water in the car park and the drain channel.,understand,BT2,blooms_taxonomy_dataset_v1.csv,whitespace_normalized
bloom-csv-row-f6df30c542f143df,bloom-csv-question-4b2851c040dd6369,Use minimum 8 functions of Deque STL.,analyze,BT4,blooms_taxonomy_dataset_v1.csv,none
bloom-csv-row-3764973b95bbe4ea,bloom-csv-question-c4806a33724edc8d,Evaluate 1 2 01dx x using Trapezoidal rule taking h = 1 4.,apply,BT3,blooms_taxonomy_dataset_v1.csv,encoding_normalized|encoding_artifact
bloom-csv-row-93a021cc517cac8d,bloom-csv-question-1bc62a590a3a12ca,Explore the role of various fields in Page Level Protection.,remember,BT1,blooms_taxonomy_dataset_v1.csv,none
bloom-csv-row-0bde4252a350c1f6,bloom-csv-question-fed9f52612a7c055,Explain construction and working of RVDT with neat diagram.,understand,BT2,blooms_taxonomy_dataset_v1.csv,missing_context
bloom-csv-row-5b1d643f1dedaac2,bloom-csv-question-782d61659916d616,Elaborate the term of national income as used in building economics.,understand,BT2,blooms_taxonomy_dataset_v1.csv,none
bloom-csv-row-ffd09204f32461be,bloom-csv-question-53b1cf2dcbfff621,Write short note on IEEE 802.,remember,BT1,blooms_taxonomy_dataset_v1.csv,none
bloom-csv-row-8e1975df1c0a2d8d,bloom-csv-question-603f4d85e8cae58e,What are fractals?,remember,BT1,blooms_taxonomy_dataset_v1.csv,very_short
bloom-csv-row-e79e767980e77f82,bloom-csv-question-cefe549997513355,What is SMPS? Explain working principle of it.,remember,BT1,blooms_taxonomy_dataset_v1.csv,none
bloom-csv-row-6674544dde7de56c,bloom-csv-question-880a352c3f95bda3,Show that the vector Field.,evaluate,BT5,blooms_taxonomy_dataset_v1.csv,source_duplicate
bloom-csv-row-7e235092ec86a01f,bloom-csv-question-4505b506a703a551,State Lambert and Beer laws and derive the combined law equation.,analyze,BT4,blooms_taxonomy_dataset_v1.csv,none
bloom-csv-row-2a0fc69d51486977,bloom-csv-question-20304ca7e0ccac9a,Describe how soils are involved in the greenhouse effects.,understand,BT2,blooms_taxonomy_dataset_v1.csv,whitespace_normalized
bloom-csv-row-73743bcb27840376,bloom-csv-question-98e436706b7c6777,How folds are developed?,understand,BT2,blooms_taxonomy_dataset_v1.csv,none
bloom-csv-row-2f562cbb71fa3517,bloom-csv-question-1632095dbd12d1e6,What is meant by multicore architecture?,remember,BT1,blooms_taxonomy_dataset_v1.csv,none
bloom-csv-row-1257741639f727c6,bloom-csv-question-a1c82cf979a5e1eb,Discuss in detail preliminary geological work on dam and reservoir.,remember,BT1,blooms_taxonomy_dataset_v1.csv,none
bloom-csv-row-b628d20b644a0370,bloom-csv-question-eedb3bf20583128f,What are the variants of recursion.,remember,BT1,blooms_taxonomy_dataset_v1.csv,none
bloom-csv-row-11b8ff038fdb4d1b,bloom-csv-question-4db0d5ed4bc58698,With suitable diagram explain constructional details of 3 phase slipring induction motor,remember,BT1,blooms_taxonomy_dataset_v1.csv,missing_context
bloom-csv-row-0926cea1a4d7987f,bloom-csv-question-ab3565403feee1ce,How Basic Arithmetic operations are performed using ALU IC 74181?,apply,BT3,blooms_taxonomy_dataset_v1.csv,none
bloom-csv-row-3214517991d2340c,bloom-csv-question-8120af81f58d5dc3,Explain the use of BSR mode of 8255.,understand,BT2,blooms_taxonomy_dataset_v1.csv,none
bloom-csv-row-9a1ef18f4ede2f50,bloom-csv-question-b78a7585707d48e4,State the Characteristics of contour lines?,remember,BT1,blooms_taxonomy_dataset_v1.csv,whitespace_normalized
bloom-csv-row-8822cc50d0e7bd01,bloom-csv-question-fdea3df455aca760,Discuss “Swedish Slip Circle Method” for stability analysis of finite slope.,remember,BT1,blooms_taxonomy_dataset_v1.csv,encoding_normalized
bloom-csv-row-46f8aaf98777e9f7,bloom-csv-question-adaf369504ec1b85,State TWO (2) subsystems of AIS.,remember,BT1,blooms_taxonomy_dataset_v1.csv,whitespace_normalized
bloom-csv-row-e517155fcd2faa8a,bloom-csv-question-57a065278a696c8b,What is Remote sensing?,remember,BT1,blooms_taxonomy_dataset_v1.csv,none
bloom-csv-row-14b6e69b485d9f60,bloom-csv-question-c83d83c70a072a2f,What is the necessity of ventilation and explain types of ventilation?,understand,BT2,blooms_taxonomy_dataset_v1.csv,none
bloom-csv-row-7dda00135343fdef,bloom-csv-question-7b1e29a752e674ff,Draw and explain block diagram of SMPS.,understand,BT2,blooms_taxonomy_dataset_v1.csv,missing_context
bloom-csv-row-477b0604334b3216,bloom-csv-question-3226c2286d27a1f7,Find the inverse Laplace transform of given network given F( s).,apply,BT3,blooms_taxonomy_dataset_v1.csv,none
bloom-csv-row-13e52cf5000a0499,bloom-csv-question-292fc66104447007,National income can be calculated using three approaches. State the THREE (3) approaches.,remember,BT1,blooms_taxonomy_dataset_v1.csv,none
bloom-csv-row-c00df383376ee06b,bloom-csv-question-c7c12783005867af,"As a project manager, you are evaluating the building design for its compliance to intended function as a private college accommodating over 2000 students. Analyze the problems and propose the building performance to meet these functions.",create,BT6,blooms_taxonomy_dataset_v1.csv,whitespace_normalized
bloom-csv-row-b31a2bc60c7479f9,bloom-csv-question-7dfb314ad05a18b0,Explain 1860 with block diagram.,understand,BT2,blooms_taxonomy_dataset_v1.csv,missing_context
bloom-csv-row-1a8cc4c07219cdf7,bloom-csv-question-8fddf7a05535e56d,Explain qualitative and quantitative data.,remember,BT1,blooms_taxonomy_dataset_v1.csv,none
bloom-csv-row-f4138ba191426fad,bloom-csv-question-9a40156c4fd54d76,Explain why a sustained inflation is a purely monetary phenomenon and cannot exist without the cooperation of the Bank Negara Malaysia (BNM).,understand,BT2,blooms_taxonomy_dataset_v1.csv,whitespace_normalized
bloom-csv-row-c1dd44736e1baa99,bloom-csv-question-b209b18d5ab55424,Explain different methods to handle multiple interrupt request.,understand,BT2,blooms_taxonomy_dataset_v1.csv,none
bloom-csv-row-0e790fd7695338ff,bloom-csv-question-f3581132cf2aab61,List various types of flow control valve.,apply,BT3,blooms_taxonomy_dataset_v1.csv,none
bloom-csv-row-08beffe4d8187b34,bloom-csv-question-c4bf5aa9be2d80b7,What is Sub Zero Treatment and why is it necessary?,remember,BT1,blooms_taxonomy_dataset_v1.csv,none
bloom-csv-row-faba2a23a55d3590,bloom-csv-question-405e5f9233166778,Write a short note on control system and electronics.,remember,BT1,blooms_taxonomy_dataset_v1.csv,none
bloom-csv-row-a270592ad40dd2c0,bloom-csv-question-939ea068fce8ac25,Explain Landslides causes and remedial measures.,understand,BT2,blooms_taxonomy_dataset_v1.csv,none
bloom-csv-row-413ecd625cd2627d,bloom-csv-question-6c38a2b46f0ca99e,Explain Soft and hard solder.,understand,BT2,blooms_taxonomy_dataset_v1.csv,none
bloom-csv-row-c345bda46f3b2b36,bloom-csv-question-a0315b9923a21e01,What is BGP?,remember,BT1,blooms_taxonomy_dataset_v1.csv,very_short
bloom-csv-row-e8e46c3b0794da03,bloom-csv-question-add72ac1e8f88319,Explain the function of International Monetary Fund (IMF).,understand,BT2,blooms_taxonomy_dataset_v1.csv,whitespace_normalized
bloom-csv-row-1d014969d9c48f09,bloom-csv-question-69262867177a7191,List the advantages and disadvantages of FM over AM.,remember,BT1,blooms_taxonomy_dataset_v1.csv,none
bloom-csv-row-786629f59bbfa358,bloom-csv-question-cd9b15e119e82638,Barbie Dolls have been banned in some of countries. Provide FOUR (4) countries and evaluate the reason behind the ban.,evaluate,BT5,blooms_taxonomy_dataset_v1.csv,whitespace_normalized
bloom-csv-row-3612c9e98380f7dd,bloom-csv-question-47c9fbc66d4324dc,"The Malaysian economy is currently operating at the natural level of output. In order to be a high-income country in 2020, government of Malaysia decides to increase the government spending. Discuss the effects of the event on the price level, unemployment and output in the long run and short run in Malaysia with appropriate diagrams.",understand,BT2,blooms_taxonomy_dataset_v1.csv,none
bloom-csv-row-c135b52730c216d2,bloom-csv-question-c139fc514edb9feb,Describe the historical development of wind turbine on Indian level.,remember,BT1,blooms_taxonomy_dataset_v1.csv,none
bloom-csv-row-8e9ac5d5a3c3d317,bloom-csv-question-98b172ed2f9c6cdd,Depict the figure showing he feeder pathways for glycolysis.,remember,BT1,blooms_taxonomy_dataset_v1.csv,none
bloom-csv-row-541c2750d2ebd59f,bloom-csv-question-0a1af9e24bf249c7,Describe Logical Programming.,remember,BT1,blooms_taxonomy_dataset_v1.csv,very_short
bloom-csv-row-ed69782128301c28,bloom-csv-question-1ff7de69656a2cb1,State and prove sampling theorem with suitable waveform and mathematical expression?,analyze,BT4,blooms_taxonomy_dataset_v1.csv,none
bloom-csv-row-9a80d6fbff4425af,bloom-csv-question-84434acf371195db,Define graphic design and product design.,remember,BT1,blooms_taxonomy_dataset_v1.csv,whitespace_normalized
bloom-csv-row-119f82089da250b9,bloom-csv-question-8e4513c779a0db5f,Describe V AT Polymerization process in short.,remember,BT1,blooms_taxonomy_dataset_v1.csv,none
bloom-csv-row-fb86ec7a2d9aee7d,bloom-csv-question-6455c7381e26e445,Explain and differentiate between TWO types of aggregations when colloidal particles are unstable.,analyze,BT4,blooms_taxonomy_dataset_v1.csv,whitespace_normalized
bloom-csv-row-17f1a6616292c527,bloom-csv-question-81412571df28c2de,Define Draft tube.,remember,BT1,blooms_taxonomy_dataset_v1.csv,very_short
bloom-csv-row-1cc9df188e031876,bloom-csv-question-73f5eb60978884a4,What is perspective projection?,remember,BT1,blooms_taxonomy_dataset_v1.csv,none
bloom-csv-row-7ca515ca9299c8ba,bloom-csv-question-449774d8acdb15ad,State following statements are True of False.,remember,BT1,blooms_taxonomy_dataset_v1.csv,missing_context
bloom-csv-row-2cd6d17a8e0bd527,bloom-csv-question-2ec3e721032d591c,"Write recursive function for in-order, pre-order and post-order traversal of Binary tree.",apply,BT3,blooms_taxonomy_dataset_v1.csv,none
bloom-csv-row-427452e8a649724f,bloom-csv-question-42164d2441fd9d46,Define transducer and state detailed classification of transducers.,remember,BT1,blooms_taxonomy_dataset_v1.csv,none
bloom-csv-row-8015c06a36e9ed89,bloom-csv-question-c3826b81d1ff9e26,A badminton hall to be provided with a lighting installation.,apply,BT3,blooms_taxonomy_dataset_v1.csv,none
bloom-csv-row-8a4a553406900dab,bloom-csv-question-1b03f06cdc70bbba,What is Template?,remember,BT1,blooms_taxonomy_dataset_v1.csv,very_short|source_duplicate
bloom-csv-row-bad90145b2f9b1f3,bloom-csv-question-d0f8491497408b73,Show that the wavefunction of a free particle is a plane wave.,apply,BT3,blooms_taxonomy_dataset_v1.csv,whitespace_normalized
bloom-csv-row-f07f984138fe039e,bloom-csv-question-2167b8750240e1a9,Draw and explain the ARM family core architecture?,analyze,BT4,blooms_taxonomy_dataset_v1.csv,none
bloom-csv-row-84b429563e320298,bloom-csv-question-6063a5bbb746c370,What is MOD counter ?,remember,BT1,blooms_taxonomy_dataset_v1.csv,none
bloom-csv-row-b78a81a15ab23e54,bloom-csv-question-955898cd46b44d94,Explain Calorific Value.,remember,BT1,blooms_taxonomy_dataset_v1.csv,very_short
bloom-csv-row-9c68a4ca86dc2d08,bloom-csv-question-ac9dd9eecfb44c5a,What is File?,remember,BT1,blooms_taxonomy_dataset_v1.csv,very_short
bloom-csv-row-b145dde4c1a6ff8c,bloom-csv-question-8b86d243eba34283,Explain fiber reinforced composites and particle reinforced composites.,remember,BT1,blooms_taxonomy_dataset_v1.csv,none
bloom-csv-row-37536e00ae1a2128,bloom-csv-question-443a260c90d064d3,"""Firms can use existing brand names or create new brands on the internet"". Evaluate the above statement.",evaluate,BT5,blooms_taxonomy_dataset_v1.csv,whitespace_normalized|missing_context
bloom-csv-row-3a8d1da29405a611,bloom-csv-question-76a01b187d303cef,Write a short note on Saytzeff rule.,analyze,BT4,blooms_taxonomy_dataset_v1.csv,none
bloom-csv-row-44a8256b609d680f,bloom-csv-question-e91ebb9d3860769f,State the necessary conditions for parallel operation of transformers.,remember,BT1,blooms_taxonomy_dataset_v1.csv,none
bloom-csv-row-baac94665a85242e,bloom-csv-question-d1b7aee449534867,Describe MOST with suitable illustration.,remember,BT1,blooms_taxonomy_dataset_v1.csv,none
bloom-csv-row-709505da88984494,bloom-csv-question-64d2cd727e10ef19,Explain the properties of instantaneous centre of rotation.,analyze,BT4,blooms_taxonomy_dataset_v1.csv,none
bloom-csv-row-2e510a6a8670ba93,bloom-csv-question-6fbc10edf28543a5,Explain Kinematic modeling in Virtual Reality.,analyze,BT4,blooms_taxonomy_dataset_v1.csv,none
bloom-csv-row-e8501b2b9f027661,bloom-csv-question-fdb2fb97ad6e6b58,"The correlation between the S&P 500 index fund and the emerging market fund is zero. Consider portfolio A, which consists of 80% of the S&P index fund and 20% of the emerging-market fund. Calculate portfolio A's expected return and standard deviation.",apply,BT3,blooms_taxonomy_dataset_v1.csv,whitespace_normalized
bloom-csv-row-4f490610784f5559,bloom-csv-question-0d0a85ccee00130e,What are Pumps and Compressor used in Hydraulic and Pneumatic Systems?,remember,BT1,blooms_taxonomy_dataset_v1.csv,none
bloom-csv-row-4514b92bfecf1182,bloom-csv-question-0065ab7878f9159c,Illustrate with example the FOUR (4) advantages of photography.,understand,BT2,blooms_taxonomy_dataset_v1.csv,whitespace_normalized
bloom-csv-row-2fadcdd8b0388572,bloom-csv-question-894be4631b390ee0,Enlist different names of satellite and state features of any two of them.,remember,BT1,blooms_taxonomy_dataset_v1.csv,none
bloom-csv-row-c214ffb0c2788bd6,bloom-csv-question-2e6a461b67da2afb,Define economic threshold and its use.,understand,BT2,blooms_taxonomy_dataset_v1.csv,whitespace_normalized
bloom-csv-row-a02c059cd496a25a,bloom-csv-question-b3d312e1e7519a6b,Construct the binary search tree (BST) from the following elements.,apply,BT3,blooms_taxonomy_dataset_v1.csv,missing_context
bloom-csv-row-58353f88a0b52f7a,bloom-csv-question-91f34b319bb85571,Evaluate the first and second derivative of √x at x=15 from the following data,apply,BT3,blooms_taxonomy_dataset_v1.csv,encoding_normalized|missing_context
bloom-csv-row-5ae49f10e5e655eb,bloom-csv-question-8188c843e8c5cce2,Draw & explain the working principle of bubble type level measurement. State the equation for it.,remember,BT1,blooms_taxonomy_dataset_v1.csv,none
bloom-csv-row-3eef01d2db222738,bloom-csv-question-1f655629e3a44d89,Derive the relation between maximum permissible tension and centrifugal tension in belt so that it can transmit maximum power.,analyze,BT4,blooms_taxonomy_dataset_v1.csv,none
bloom-csv-row-4065f5d5d48238b4,bloom-csv-question-1336c1c6de204c06,Describe the TWO (2) conditions that lead to bank failures. Provide the examples of bank failures that happened in the past with a specific time frame.,understand,BT2,blooms_taxonomy_dataset_v1.csv,whitespace_normalized
bloom-csv-row-7c176b23df0ec1de,bloom-csv-question-6961db3623b7ddfe,A centrifugal pump having outer diameter equal to two times the inner diameter and running at 1000 r.,apply,BT3,blooms_taxonomy_dataset_v1.csv,none
bloom-csv-row-79f769da49780bc8,bloom-csv-question-fdbf0582b8889886,Derive the torque equation of DC motor with usual notations.,analyze,BT4,blooms_taxonomy_dataset_v1.csv,none
bloom-csv-row-d7f24c33395bbd12,bloom-csv-question-3675c4dc20413cdd,Explain the different conditions for spontaneity by using Gibbs free energy.,analyze,BT4,blooms_taxonomy_dataset_v1.csv,none
bloom-csv-row-5924335c7b0198e7,bloom-csv-question-535ddde61400f20a,How wind and ice loading affect the presence of sag.,understand,BT2,blooms_taxonomy_dataset_v1.csv,none
bloom-csv-row-b4b48ed12aee2eb4,bloom-csv-question-8b451b19b8e47916,Sketch and label the section of the ground floor slab. Explain the purpose of each labelled component.,apply,BT3,blooms_taxonomy_dataset_v1.csv,whitespace_normalized
bloom-csv-row-65f5d04331703925,bloom-csv-question-c08987787f6f3937,Predict the effects of excess application of nitrogen fertilizer into the soil.,understand,BT2,blooms_taxonomy_dataset_v1.csv,whitespace_normalized
bloom-csv-row-87cadd1d6776236e,bloom-csv-question-6e47d9711d4b5094,Explain how the verticality of tall building is checked?,apply,BT3,blooms_taxonomy_dataset_v1.csv,none
bloom-csv-row-409e8be8da6ef62c,bloom-csv-question-7d6d0ef8a56deb68,Draw and explain the working of a Digital kilo watt Hour Meter.,remember,BT1,blooms_taxonomy_dataset_v1.csv,none
bloom-csv-row-75d4d2a7bed4ae68,bloom-csv-question-e298e14a34e7e0b5,Derive the expression for loop inductance of single phase overhead lines.,analyze,BT4,blooms_taxonomy_dataset_v1.csv,none
bloom-csv-row-7dc7272f9cc63233,bloom-csv-question-05a654be5f9fc837,"Solve the one dimensional heat equation 2 2y uktx subject to conditions. i) u is finite .t ii) u (0, t) = 0, iii) u(, t) = 0, iv) u( x, 0) = x – x2 0.x",apply,BT3,blooms_taxonomy_dataset_v1.csv,encoding_normalized|whitespace_normalized|encoding_artifact
bloom-csv-row-6e2a46afd29a0f8a,bloom-csv-question-e622c26ad089af0c,Draw and explain magnetization curve for a ferromagnetic material and hence define with uints,remember,BT1,blooms_taxonomy_dataset_v1.csv,none
bloom-csv-row-91f160a0f689c145,bloom-csv-question-f1d1a3bd4674e2d2,What are pipeline hagards?,remember,BT1,blooms_taxonomy_dataset_v1.csv,none
bloom-csv-row-aec0e08d452d666f,bloom-csv-question-f9e2ebcef3e79d7d,"With the aid of a diagram, briefly show how the width of a FinFET is estimated.",apply,BT3,blooms_taxonomy_dataset_v1.csv,missing_context
bloom-csv-row-b6f6c4639156fa29,bloom-csv-question-dfff47970268d2f5,Define exception.,remember,BT1,blooms_taxonomy_dataset_v1.csv,very_short
bloom-csv-row-d13ae177d2e55326,bloom-csv-question-647898ca310b1963,Classify insulating materials and hence write properties and applications of any two materials from Class C type.,understand,BT2,blooms_taxonomy_dataset_v1.csv,none
bloom-csv-row-a20e6e32fbef6bd9,bloom-csv-question-b75492e9c2767930,"In their efforts to achieve their macroeconomic objectives, all governments, regardless of political persuasion, employ the same types of policy instrument. Discuss.",understand,BT2,blooms_taxonomy_dataset_v1.csv,none
bloom-csv-row-5a56b78b37a66194,bloom-csv-question-c41a02e835615b89,What are elastic pressure transducers?,remember,BT1,blooms_taxonomy_dataset_v1.csv,none
bloom-csv-row-09db08ac4325c51b,bloom-csv-question-cdb5d6ac94a93d1b,Write short note on stainless steel?,remember,BT1,blooms_taxonomy_dataset_v1.csv,none
bloom-csv-row-8e856f69ebbdee99,bloom-csv-question-ec4f2b937c40e8aa,Explain the page translation process in 80386.,analyze,BT4,blooms_taxonomy_dataset_v1.csv,none
bloom-csv-row-9306bb7daa9412f0,bloom-csv-question-2a4389dfc1d2a0f8,Write algorithms to create and delete a segment.,remember,BT1,blooms_taxonomy_dataset_v1.csv,none
bloom-csv-row-2d70ef211df6a7c6,bloom-csv-question-ca0b8557fa64d6dc,"Suppose milk and yogurt are within Sophie's budget and she views yogurt as an inferior good. Using indifference curve and budget line, explain the substitution, income and total effects when the price of yogurt falls.",apply,BT3,blooms_taxonomy_dataset_v1.csv,whitespace_normalized
bloom-csv-row-64287b6406594753,bloom-csv-question-0e1099f079cb6be8,Draw a diagram to illustrate the Edman degradation reaction in protein sequencing. Describe some potential complications during Edman degradation protein sequencing.,understand,BT2,blooms_taxonomy_dataset_v1.csv,whitespace_normalized|missing_context
bloom-csv-row-780cdd6f1d63a3b2,bloom-csv-question-46f30cd4f0e6a542,Explain file attributes.,remember,BT1,blooms_taxonomy_dataset_v1.csv,very_short
bloom-csv-row-da3f0e57437ca145,bloom-csv-question-f3ffabdc4a17a6bd,Describe the construction of foil type strain gauges and explain their advantages over wire wound strain gauge.,analyze,BT4,blooms_taxonomy_dataset_v1.csv,none
bloom-csv-row-08aa17177dad190f,bloom-csv-question-9f1b4690d3694f7b,Draw and label an activity temperature profile for mesophilic and thermophilic enzymes. Provide explanation to this phenomenon.,understand,BT2,blooms_taxonomy_dataset_v1.csv,none
bloom-csv-row-97144823cdd40544,bloom-csv-question-8461fbb3417d4778,Describe consumer behaviour.,remember,BT1,blooms_taxonomy_dataset_v1.csv,whitespace_normalized|very_short
bloom-csv-row-ab844e07392cd1ab,bloom-csv-question-19777f3c442dc2a8,"Mr. Vilas brough an air-conditioner for Rs. 20,000; he paid tax of Rs. 2,000 and Rs. 200 for trnsport. If he sold it to a customer forRs. 22,500, what is the percentage profit or loss?",apply,BT3,blooms_taxonomy_dataset_v1.csv,none
bloom-csv-row-f0ea9aa11945b376,bloom-csv-question-76ffe0be42625021,Explain the following in relation with filters.,remember,BT1,blooms_taxonomy_dataset_v1.csv,missing_context
bloom-csv-row-24bf7570c3bcc751,bloom-csv-question-57a1e77648ceaa22,Banker’s algorithm is used for deadlock avoidance. Explain.,remember,BT1,blooms_taxonomy_dataset_v1.csv,encoding_normalized
bloom-csv-row-95bad2e22e841f0d,bloom-csv-question-02495fb622cd35d2,What are the requirements for Linux system administrator?,remember,BT1,blooms_taxonomy_dataset_v1.csv,none
bloom-csv-row-b6022fbd4e70f695,bloom-csv-question-eadc43a3ab617e25,Implement a full-adder using Demultiplexer.,apply,BT3,blooms_taxonomy_dataset_v1.csv,none
bloom-csv-row-2926f9b61347ef3a,bloom-csv-question-a0a2220d5e0d5b79,What do you mean by Earned Value Analysis?,remember,BT1,blooms_taxonomy_dataset_v1.csv,none
bloom-csv-row-91c0265db195e6f7,bloom-csv-question-9bcc90b0f9ba877e,"SUBWAY brand is the world's largest submarine sandwich chain with more than 44,000 locations around the world. This November, Subway is introducing two new combos as in the image provided below. Propose a rough layout of a poster to promote these new combos.",create,BT6,blooms_taxonomy_dataset_v1.csv,whitespace_normalized|missing_context
bloom-csv-row-28868bc9584a49e5,bloom-csv-question-a512ffabd7c47c47,Explain briefly the media usage in advertising effectiveness.,understand,BT2,blooms_taxonomy_dataset_v1.csv,whitespace_normalized
bloom-csv-row-5a8128f1ea48c4ac,bloom-csv-question-ac6eb09df7116921,What is the purpose of Leaky bucket and token bucket algorithms?,remember,BT1,blooms_taxonomy_dataset_v1.csv,none
bloom-csv-row-3705d91f5a14ab34,bloom-csv-question-c659f7c18c7f63ec,Explain the working of full wave precision rectifier with neat diagrams.,understand,BT2,blooms_taxonomy_dataset_v1.csv,none
bloom-csv-row-edf6b0fdd422d5d4,bloom-csv-question-0fc25c9dc4d331ec,A Rankine cycle operates between pressure of 80 bar and 0.,apply,BT3,blooms_taxonomy_dataset_v1.csv,none
bloom-csv-row-34b8c9b5b6768db0,bloom-csv-question-bdde7c172c9bcdfb,What is runtime polymorphism?,remember,BT1,blooms_taxonomy_dataset_v1.csv,none
bloom-csv-row-4b0918ad5d7b6a12,bloom-csv-question-0ab20de63c8828fd,How does the falling and rolling ball viscometer used to measure the viscosity?,apply,BT3,blooms_taxonomy_dataset_v1.csv,none
bloom-csv-row-1fb68182633edec8,bloom-csv-question-6905efd4de43edc7,Explain the concept of Available and Unavailable energy.,remember,BT1,blooms_taxonomy_dataset_v1.csv,none
bloom-csv-row-7d8a16ff0b95e9c3,bloom-csv-question-ce2aa3b08755e0a8,What is stream?,remember,BT1,blooms_taxonomy_dataset_v1.csv,very_short
bloom-csv-row-211eabcb9e712944,bloom-csv-question-8fbe992f298bb99f,Evaluate ()11 00xyd x d y + using Simpsons 1/3rd rule with h=k=1/2,apply,BT3,blooms_taxonomy_dataset_v1.csv,encoding_normalized|encoding_artifact
bloom-csv-row-9548089c6a99b844,bloom-csv-question-fcb303197c404359,Index for 87 divisions by compound indexing using following Brown and Sharpe Plate.,apply,BT3,blooms_taxonomy_dataset_v1.csv,missing_context
bloom-csv-row-d5fd6cf033705732,bloom-csv-question-276fa96b19c832f0,Compute the intensity of active earth pressure at a depth of 8 m in dry cohesionless sand with an angle of internal friction 300 and unit weight of 18 kN/m3.,apply,BT3,blooms_taxonomy_dataset_v1.csv,none
bloom-csv-row-695c0b43ba752296,bloom-csv-question-4dbf12dd71557d86,What are the rules for overloading operators?,remember,BT1,blooms_taxonomy_dataset_v1.csv,none
bloom-csv-row-16281d23f729fd0a,bloom-csv-question-6a0f0195d3d6263d,Differentiate between Reciprocating and Rotary Compressors.,analyze,BT4,blooms_taxonomy_dataset_v1.csv,none
bloom-csv-row-456ddedb4a14b86f,bloom-csv-question-4061c62484584321,"In a BJT, the width of the base quasineutral region has to be small compared to the minority carrier diffusion length. Explain why this is important",understand,BT2,blooms_taxonomy_dataset_v1.csv,whitespace_normalized
bloom-csv-row-152d9c139ced4b50,bloom-csv-question-2b3a9ec614da33f5,Give the Dirichlet conditions for Continuous time Fourier Series.,remember,BT1,blooms_taxonomy_dataset_v1.csv,none
bloom-csv-row-804497169c411727,bloom-csv-question-7cfbb1dbc104543f,Explain process reaction curve tuning method in detail.,remember,BT1,blooms_taxonomy_dataset_v1.csv,none
bloom-csv-row-1bad8c7e3e49762a,bloom-csv-question-a8021c8292a1c3ca,Illustrate the following Map methods with an example.,understand,BT2,blooms_taxonomy_dataset_v1.csv,missing_context
bloom-csv-row-80ff2dddd0abc5cb,bloom-csv-question-37cd8bdcede1255a,A tacheometer with analystic lens.Having the multiplying constant 100 was used and the following observations were made on staff held vertical.,apply,BT3,blooms_taxonomy_dataset_v1.csv,whitespace_normalized|missing_context
bloom-csv-row-f9db7e5155d8dcbc,bloom-csv-question-672728e74e4e0bcb,Explain any one method of viscosity measurement.,remember,BT1,blooms_taxonomy_dataset_v1.csv,none
bloom-csv-row-8f62f3cecb5702e6,bloom-csv-question-6a9a9bd2a1989029,Explain mechanism of universal indexing head.,remember,BT1,blooms_taxonomy_dataset_v1.csv,none
bloom-csv-row-e5eb9aa7c72871e4,bloom-csv-question-466b7da5fa4a318d,Evaluate .,evaluate,BT5,blooms_taxonomy_dataset_v1.csv,very_short
bloom-csv-row-a345e84f1fea8a12,bloom-csv-question-7876bf04088917d3,Explain the construction and working principle of universal motor.,understand,BT2,blooms_taxonomy_dataset_v1.csv,none
bloom-csv-row-cd7a92bc336d9d2b,bloom-csv-question-18bccf5d4c9e0265,A solution was prepared by dissolving certain amount of compound in 31.,apply,BT3,blooms_taxonomy_dataset_v1.csv,none
bloom-csv-row-027e3684f025bf20,bloom-csv-question-8ba992847482bf2a,Explain working of Ports in 8051 microcontroller.,understand,BT2,blooms_taxonomy_dataset_v1.csv,none
bloom-csv-row-4e0b045aa8b1e343,bloom-csv-question-8c74515cc2ddae92,Analyse the bent shown in figure 4 by slope deflection method.,analyze,BT4,blooms_taxonomy_dataset_v1.csv,none
bloom-csv-row-3a84e2974b82138f,bloom-csv-question-e707f995e10dacf9,Explain casement window in detail.,understand,BT2,blooms_taxonomy_dataset_v1.csv,none
bloom-csv-row-9923513eb2a41b8a,bloom-csv-question-a3a68af1448d7c62,Give basic definition of Y parameters explain why Y parameters are called short circuit admittance parameters.,remember,BT1,blooms_taxonomy_dataset_v1.csv,none
bloom-csv-row-2c08e804bacb67c2,bloom-csv-question-66b7c4cb30fa59da,Draw the architecture of 8086. And enlist the features of it.,remember,BT1,blooms_taxonomy_dataset_v1.csv,none
bloom-csv-row-87e3fb9f6c2ef016,bloom-csv-question-c4d26434fff2bb0b,Briefly describe how poultry sexing is commonly carried out in a hatchery.,understand,BT2,blooms_taxonomy_dataset_v1.csv,whitespace_normalized
bloom-csv-row-134580b7717fc63d,bloom-csv-question-c7d9ece4352fcd84,Sketch a diagram to illustrate the activities and products in the construction industry.,apply,BT3,blooms_taxonomy_dataset_v1.csv,whitespace_normalized|missing_context
bloom-csv-row-3696fe5327613019,bloom-csv-question-8525209ad082115e,Explain the differences between forward and futures contract.,understand,BT2,blooms_taxonomy_dataset_v1.csv,whitespace_normalized
bloom-csv-row-e41e6b03ccda6e48,bloom-csv-question-57ea68ac19b50409,The design rules are usually described in TWO (2) ways. Describe these TWO (2) ways.,understand,BT2,blooms_taxonomy_dataset_v1.csv,whitespace_normalized
bloom-csv-row-c6ea79f8738bd544,bloom-csv-question-f842df24f794b947,What are types of condensation?,remember,BT1,blooms_taxonomy_dataset_v1.csv,none
bloom-csv-row-82311f5c5835b480,bloom-csv-question-6d78610e9fb21307,Derive expression for the pressure drop for a steady laminar flow through circular pipe.,analyze,BT4,blooms_taxonomy_dataset_v1.csv,none
bloom-csv-row-1aeb5f7b66a2c33a,bloom-csv-question-2650d6f3dd8b56c6,What do you mean by spontaneous magnetization?,remember,BT1,blooms_taxonomy_dataset_v1.csv,none
bloom-csv-row-6ac108254aaa0b45,bloom-csv-question-2074587a83768750,Differentiate between “trial pits' and 'boreholes”.,analyze,BT4,blooms_taxonomy_dataset_v1.csv,encoding_normalized|whitespace_normalized
bloom-csv-row-06fb287221ccccdf,bloom-csv-question-1240ab6246dcab7b,Define put-call parity. Discuss its implications and how arbitrageurs could take advantage of arbitrage opportunities for both options.,understand,BT2,blooms_taxonomy_dataset_v1.csv,whitespace_normalized
bloom-csv-row-1a503dff780d3896,bloom-csv-question-8827cd366d6ddd27,Describe the operation of timer 555 with suitable block diagram.,remember,BT1,blooms_taxonomy_dataset_v1.csv,missing_context
bloom-csv-row-75fa888a07afa2a1,bloom-csv-question-1ece614c733f74e7,A 300 volt DC Shunt motor has armature resistance of 0.,apply,BT3,blooms_taxonomy_dataset_v1.csv,none
bloom-csv-row-96067581db215b9f,bloom-csv-question-9c1d00934b36b40d,Define software testing?,remember,BT1,blooms_taxonomy_dataset_v1.csv,very_short
bloom-csv-row-7fdbe799b082b496,bloom-csv-question-ddc76c6a04650a01,Explain a ‘C’ function to insert node in BST (Binary Search Tree).,apply,BT3,blooms_taxonomy_dataset_v1.csv,encoding_normalized
bloom-csv-row-eaec694a176d905a,bloom-csv-question-c97954bd24575e92,Explain seismic waves in detail.,remember,BT1,blooms_taxonomy_dataset_v1.csv,none
bloom-csv-row-56d2221aebf199a1,bloom-csv-question-359f4d282f3932ee,All partition walls are of 150 mm thick.,apply,BT3,blooms_taxonomy_dataset_v1.csv,none
bloom-csv-row-570a7ccbac7873f0,bloom-csv-question-bca35d22af779cf8,"Besides silicon and germanium, name ONE (1) other material that can be used as the substrate of a transistor.",understand,BT2,blooms_taxonomy_dataset_v1.csv,whitespace_normalized
bloom-csv-row-5b18fdd5edd7f37e,bloom-csv-question-da9c13937e3fe219,Describe price feedback effect by using relevant example.,understand,BT2,blooms_taxonomy_dataset_v1.csv,none
bloom-csv-row-0c18e768c0637391,bloom-csv-question-64b2e9b1b3fd5ef0,Define stack as an ADT.,remember,BT1,blooms_taxonomy_dataset_v1.csv,none
bloom-csv-row-236b7ba99c8d68cc,bloom-csv-question-0adfe5d8ec65095a,What is logic family?,remember,BT1,blooms_taxonomy_dataset_v1.csv,none
bloom-csv-row-75c80e60017ee22a,bloom-csv-question-dd5183db7ca52732,"Explain how the ionic, metallic, covalent, and mixed states solids are formed. Give an example of each solid and compare the electrical conductivity of the four types of solid.",understand,BT2,blooms_taxonomy_dataset_v1.csv,whitespace_normalized
bloom-csv-row-742dcf4e2261bdf4,bloom-csv-question-4286de4b0497a25a,Compare Linear V oltage regulators with SMPS.,analyze,BT4,blooms_taxonomy_dataset_v1.csv,none
bloom-csv-row-7b2fd7a072d63952,bloom-csv-question-3b699ed8c3ae837f,Assuming that the diameters of 1000 brass plugs taken consecutively from a machine form a normal distribution with mean 0.,apply,BT3,blooms_taxonomy_dataset_v1.csv,none
bloom-csv-row-2a0b4ceb09387c3e,bloom-csv-question-c9f3e3865ca113c6,What are types of acceleration?,remember,BT1,blooms_taxonomy_dataset_v1.csv,none
bloom-csv-row-5dff996da3bbc52c,bloom-csv-question-3be436b2734d2c72,With the help of diagram explain the diesel power plant.,understand,BT2,blooms_taxonomy_dataset_v1.csv,missing_context
bloom-csv-row-b61859121f4792db,bloom-csv-question-805b37734dbe891e,Describe Adaptive Delta modulation with neat diagram.,understand,BT2,blooms_taxonomy_dataset_v1.csv,missing_context
bloom-csv-row-d2664c0b72dc72c5,bloom-csv-question-bc6fe82b705bff01,Explain file functions for text file and binary file operations.,remember,BT1,blooms_taxonomy_dataset_v1.csv,missing_context
bloom-csv-row-8e7bf2bb73869c84,bloom-csv-question-5da14686eb855ffe,Explain THREE (3) purposes of architectural drawings to architects and other parties in the construction team.,understand,BT2,blooms_taxonomy_dataset_v1.csv,whitespace_normalized
bloom-csv-row-a49c1b9398763248,bloom-csv-question-bd56a42c16ada89e,Identify FOUR (4) factors that influence consumer behaviour.,remember,BT1,blooms_taxonomy_dataset_v1.csv,whitespace_normalized
bloom-csv-row-9a5acf375cffd780,bloom-csv-question-44c64a8cba9b6c5d,Explain the necessity of providing fire protection system in building.,remember,BT1,blooms_taxonomy_dataset_v1.csv,none
bloom-csv-row-471fe2418ce91358,bloom-csv-question-a678e11e9c24a395,Define and explain the following op-Amppovameter,remember,BT1,blooms_taxonomy_dataset_v1.csv,missing_context
bloom-csv-row-c3892bd5253c3ac3,bloom-csv-question-0457a328bf7fb223,What do you mean by triangulation and trilateration in geodetic survey?,remember,BT1,blooms_taxonomy_dataset_v1.csv,none
bloom-csv-row-3ad6788e1e779e31,bloom-csv-question-240759ba8e71c18a,Define terms.,understand,BT2,blooms_taxonomy_dataset_v1.csv,very_short
bloom-csv-row-5726a8166b6d91e3,bloom-csv-question-544c97b11cc5c3e3,What is a solar collector?,remember,BT1,blooms_taxonomy_dataset_v1.csv,none
bloom-csv-row-2412f2159f665c03,bloom-csv-question-a582c9bf35060ee9,Write short note on lamination methods.,remember,BT1,blooms_taxonomy_dataset_v1.csv,none
bloom-csv-row-89cbfce2b789acd9,bloom-csv-question-4957abaa4d7bf4da,Analyze SIX (6) types of modern construction problems as to how they negatively impact the various building functions.,analyze,BT4,blooms_taxonomy_dataset_v1.csv,whitespace_normalized
bloom-csv-row-f6397555b5db69a0,bloom-csv-question-a043b185f89d3dc6,Outline the FIVE (5) options marketers have when it comes to Agency Selection.,understand,BT2,blooms_taxonomy_dataset_v1.csv,whitespace_normalized
bloom-csv-row-651186f12b4ea9d2,bloom-csv-question-a7c114f7d21fc53b,Describe with neat diagram molecular machines.,understand,BT2,blooms_taxonomy_dataset_v1.csv,missing_context
bloom-csv-row-ef380eb1384fbe09,bloom-csv-question-57ba3e4dc541252f,Design an adjustable voltage regulator using LM317 for output voltage 1.,apply,BT3,blooms_taxonomy_dataset_v1.csv,none
bloom-csv-row-6471c31bf488b14d,bloom-csv-question-df30edec48600d52,Explain following pins of 8051.,understand,BT2,blooms_taxonomy_dataset_v1.csv,missing_context
bloom-csv-row-dd770a898349f911,bloom-csv-question-240b82d385393400,Draw and explain IPV4 header format.,remember,BT1,blooms_taxonomy_dataset_v1.csv,none
bloom-csv-row-160033c11d0a0cb3,bloom-csv-question-697872585ebd88cb,A T section with 200 mm X 50 mm and web 200 mm X 50 mm as shown in figure 1 is subjected to vertical shear force of 200 KN.,apply,BT3,blooms_taxonomy_dataset_v1.csv,none
bloom-csv-row-99544a06335c547b,bloom-csv-question-7fd2f8c275d19996,Enlist the feature of the Programmable Interrupt Controller Intel 82C59A.,remember,BT1,blooms_taxonomy_dataset_v1.csv,none
bloom-csv-row-c348f8830b7bff03,bloom-csv-question-6d626434e7056a45,A thermos flask with evacuated space to reduce the heat losses having surfaces facing each other of emissivity 0.,apply,BT3,blooms_taxonomy_dataset_v1.csv,none
bloom-csv-row-38a9649f9d42cd59,bloom-csv-question-7f6d617a690c59d0,"As an educator, evaluate FIVE (5) advantages and FIVE (5) disadvantages of using technology in education.",evaluate,BT5,blooms_taxonomy_dataset_v1.csv,whitespace_normalized
bloom-csv-row-03f2cef6f1cb946f,bloom-csv-question-afe272b56710219f,List and briefly describe the FOUR soil forming processes.,understand,BT2,blooms_taxonomy_dataset_v1.csv,whitespace_normalized
bloom-csv-row-82a7efa91736562a,bloom-csv-question-0b3b582dd37ecb69,The breakdown voltage of the gaseous insulating material experiment was carried out at the material science laboratory.,apply,BT3,blooms_taxonomy_dataset_v1.csv,none
bloom-csv-row-90833dd85ff9bcb2,bloom-csv-question-72228331803c9a23,Explain working of single phase half wave rectifier with RL load.,remember,BT1,blooms_taxonomy_dataset_v1.csv,none
bloom-csv-row-db0a6abaaa53d886,bloom-csv-question-b363c24e2e56e7b1,Support your answers with ONE (1) example in everyday life for EACH perspective.,evaluate,BT5,blooms_taxonomy_dataset_v1.csv,whitespace_normalized
bloom-csv-row-41d4ce05dafc7b68,bloom-csv-question-e663f887e728f031,Elaborate on the design and production process including the rational and economic use of resources that influence the development of a building.,understand,BT2,blooms_taxonomy_dataset_v1.csv,whitespace_normalized
bloom-csv-row-718e8da60546d0bc,bloom-csv-question-86512c242663b916,Explain with neat sketch battery ignition system.,remember,BT1,blooms_taxonomy_dataset_v1.csv,none
bloom-csv-row-6f39b029a46a60fd,bloom-csv-question-264242b9e2a85e39,Draw and explain operational model of network security.,remember,BT1,blooms_taxonomy_dataset_v1.csv,none
bloom-csv-row-09c3c4d6b33a1154,bloom-csv-question-94e172ad57e66b5b,Company directors remain the most important group of people who monitor and control the company on behalf of the shareholders. Explain the SIX (6) roles of company directors.,understand,BT2,blooms_taxonomy_dataset_v1.csv,whitespace_normalized
bloom-csv-row-02337ac21eddd885,bloom-csv-question-d21eca9e5709fafa,An axial pull of 25 kN along with a shear force of 20 kN is applied to a circular bar of 20 mm diameter.,apply,BT3,blooms_taxonomy_dataset_v1.csv,none
bloom-csv-row-803702c7bf1d3f7b,bloom-csv-question-5b07acad3af2760e,Calculate first four moments about the mean of the following distribution.,apply,BT3,blooms_taxonomy_dataset_v1.csv,missing_context
bloom-csv-row-f38ffbab0c1fa579,bloom-csv-question-54b887a722cfb9af,Suggest a technique that can overcome the problem of non-reusability for industrial enzyme applications.,create,BT6,blooms_taxonomy_dataset_v1.csv,whitespace_normalized
bloom-csv-row-259a09f0f75febf2,bloom-csv-question-e923e2a4d0c8d0f5,Define functional dependency.,remember,BT1,blooms_taxonomy_dataset_v1.csv,very_short
bloom-csv-row-856d98da6c6019fe,bloom-csv-question-fcb6d06aef7d2256,Enlist features of a good hash function.,remember,BT1,blooms_taxonomy_dataset_v1.csv,none
bloom-csv-row-ea58c92690cc3e5f,bloom-csv-question-7177c1ba99c6e51d,Give the composition of duralumin.,remember,BT1,blooms_taxonomy_dataset_v1.csv,none
bloom-csv-row-40998836a8e7878a,bloom-csv-question-6f76a025fa1c49b7,A 230 V DC shunt motor runs at 800 rpm and takes armature current of 50 A.,apply,BT3,blooms_taxonomy_dataset_v1.csv,none
bloom-csv-row-7a76b76eeddb9958,bloom-csv-question-a58d22155469ff4e,Construct the binary search tree (BST) from the following elements:,apply,BT3,blooms_taxonomy_dataset_v1.csv,missing_context
bloom-csv-row-e4eb8172fc7ec59f,bloom-csv-question-dd433fa7fad811a3,Identify FIVE (5) strategies to make hypermarket retail layout to be more attractive in responding to customers' various shopping behaviors.,understand,BT2,blooms_taxonomy_dataset_v1.csv,none
bloom-csv-row-00c44b5333be6f8b,bloom-csv-question-ed324638dbef4d62,"In a table, list EIGHT differences between GenBank and RefSeq DNA sequences.",understand,BT2,blooms_taxonomy_dataset_v1.csv,whitespace_normalized|missing_context
bloom-csv-row-16809faac23d4327,bloom-csv-question-1fef9b4b7b192784,What is Mutual Exclusion?,remember,BT1,blooms_taxonomy_dataset_v1.csv,none
bloom-csv-row-d75b0f2495ffd7ba,bloom-csv-question-3fca812597393479,Write a short note on topological sorting.,apply,BT3,blooms_taxonomy_dataset_v1.csv,none
bloom-csv-row-6412e2c01cd2ee49,bloom-csv-question-a4acbc3e390cd2e6,List the steps involved in programming PIC microcontroller in capture mode.,remember,BT1,blooms_taxonomy_dataset_v1.csv,none
bloom-csv-row-ff6f3416c3fa88c5,bloom-csv-question-3f04f186fe659519,Explain typical connections of 78XX and 79XX regulators with circuit diagram.,remember,BT1,blooms_taxonomy_dataset_v1.csv,missing_context
bloom-csv-row-15dcf3a56e94d18c,bloom-csv-question-b056e018f3eee480,Write one important feature and an application each of the following motors.,remember,BT1,blooms_taxonomy_dataset_v1.csv,missing_context
bloom-csv-row-c4b0e5235af5e461,bloom-csv-question-da1470195b5b3b54,Explain the TSS descriptor and its role in multitasking.,analyze,BT4,blooms_taxonomy_dataset_v1.csv,none
bloom-csv-row-2ef4493d37553784,bloom-csv-question-da21942085f66bcb,Describe the objective and classification of triangulation survey.,understand,BT2,blooms_taxonomy_dataset_v1.csv,none
bloom-csv-row-05328ec8a7f92993,bloom-csv-question-f8e5c4cc927b6775,What are the different types of Financial Analysis?,remember,BT1,blooms_taxonomy_dataset_v1.csv,none
bloom-csv-row-8efe1e3eb5359383,bloom-csv-question-66de178a23e88cfb,Short term and long term incentives have their own merits in promoting corporate performance. Compare and contrast the problems associated with both short term and long term incentives.,analyze,BT4,blooms_taxonomy_dataset_v1.csv,whitespace_normalized
bloom-csv-row-1da0d51de141df9f,bloom-csv-question-e41b9393067bdcd5,Identify THREE (3) types of securities that are issued by Malaysian government. Explain each in detail.,understand,BT2,blooms_taxonomy_dataset_v1.csv,whitespace_normalized
bloom-csv-row-b42e904ef9f35786,bloom-csv-question-ca48129d1806d32a,Elaborate on detectors used in AC bridges.,apply,BT3,blooms_taxonomy_dataset_v1.csv,none
bloom-csv-row-f1ef1f007ddd156e,bloom-csv-question-6b8d56a2412646d3,For the configuration shown in the following fig.,apply,BT3,blooms_taxonomy_dataset_v1.csv,missing_context
bloom-csv-row-a5fa5c84260a0c1b,bloom-csv-question-1b03f06cdc70bbba,What is template?,remember,BT1,blooms_taxonomy_dataset_v1.csv,very_short|source_duplicate
bloom-csv-row-701adbf155d56688,bloom-csv-question-1a25082b3985ffce,What is the need of hidden surface algorithm?,remember,BT1,blooms_taxonomy_dataset_v1.csv,none
bloom-csv-row-ac62f0637d267f0c,bloom-csv-question-ffdd7373d3b13f42,"Explain in detail the working of dynamometer types wattmeter with a neat diagram. Also, state its advantages and disadvantages.",remember,BT1,blooms_taxonomy_dataset_v1.csv,missing_context
bloom-csv-row-320f58e2eca649dc,bloom-csv-question-e41cbfc25b87e212,Summarize different access controls in Java.,remember,BT1,blooms_taxonomy_dataset_v1.csv,none
bloom-csv-row-27f7c07b2b2ece64,bloom-csv-question-9f9acaf0103f2675,Explain the working principle of McLeod low pressure vacuum gauge. With neat sketch.,remember,BT1,blooms_taxonomy_dataset_v1.csv,none
bloom-csv-row-298e47f9c920e151,bloom-csv-question-880a352c3f95bda3,Show that the vector field.,evaluate,BT5,blooms_taxonomy_dataset_v1.csv,source_duplicate
bloom-csv-row-aaa7ebdfd74786f3,bloom-csv-question-a86789246374b664,Discuss the best practices to reduce construction demolition and waste for sustainability.,understand,BT2,blooms_taxonomy_dataset_v1.csv,whitespace_normalized
bloom-csv-row-b62f6d13e643d898,bloom-csv-question-285328cc5381d916,Illustrate the effect of an expansionary monetary policy. Justify your answer with an appropriate diagram.,evaluate,BT5,blooms_taxonomy_dataset_v1.csv,whitespace_normalized|missing_context
bloom-csv-row-6faf2559776ec741,bloom-csv-question-e20607a45189aed3,How pressure regulation is done pneumatic circuits?,remember,BT1,blooms_taxonomy_dataset_v1.csv,none
bloom-csv-row-e731a05f29e2d22b,bloom-csv-question-1c6f547a7efd9311,"You attempt to purify a single protein X from a complex mixture of proteins. Protein X has a large number of aspartic and glutamic acid residues and no lysine, arginine or histidine residues. Suggest and explain a method to elute protein X from the column.",create,BT6,blooms_taxonomy_dataset_v1.csv,whitespace_normalized
bloom-csv-row-5d028c0cf4e6f76c,bloom-csv-question-e690528255f857ef,What is ADT?,remember,BT1,blooms_taxonomy_dataset_v1.csv,very_short
bloom-csv-row-4f5a0a02cd3cf20e,bloom-csv-question-c25c8d405675d8d5,What are the factors that must be considered for deciding the instruction length.,understand,BT2,blooms_taxonomy_dataset_v1.csv,none
bloom-csv-row-3b6a8daccce06e3c,bloom-csv-question-24f8bb727fc38523,"Discuss in detail the Sharpe, Treynor, and Jensen measures of portfolio performance evaluation, by identifying the situations in which each measure is the most appropriate measure.",apply,BT3,blooms_taxonomy_dataset_v1.csv,whitespace_normalized
bloom-csv-row-40bc85a0e7724532,bloom-csv-question-6ce0ad32a9e13f62,List the SEVEN (7) factors to be considered in the method of excavation and timbering.,remember,BT1,blooms_taxonomy_dataset_v1.csv,whitespace_normalized
bloom-csv-row-e6bdfbdc96db6928,bloom-csv-question-75a4a4d4d2ab2d39,"Within an organization, each employee holds different roles in the informal communication networks. Explain any FOUR (4) roles with an example for each role.",apply,BT3,blooms_taxonomy_dataset_v1.csv,whitespace_normalized
bloom-csv-row-04511bdba5b11e54,bloom-csv-question-81cbea302d20ea2f,Mass media regularly use women in the mediuin of marketing and advertising. Discuss the possible negative consequences for various segments of the population and society.,understand,BT2,blooms_taxonomy_dataset_v1.csv,whitespace_normalized
bloom-csv-row-3d375401a6d043c7,bloom-csv-question-1a7bf6b4f5531892,Explain indexed sequential file organization.,remember,BT1,blooms_taxonomy_dataset_v1.csv,none
bloom-csv-row-c4a7a6ee55e92078,bloom-csv-question-ef24d467ebc8dbe2,Describe and sketch the THREE (3) types of brick bonding.,apply,BT3,blooms_taxonomy_dataset_v1.csv,whitespace_normalized
bloom-csv-row-d0e06d65e8311baf,bloom-csv-question-5830d42d96823e40,State and explain rules of inference.,remember,BT1,blooms_taxonomy_dataset_v1.csv,none
bloom-csv-row-1cf053033ada6bb7,bloom-csv-question-589083033b22f637,Define :,remember,BT1,blooms_taxonomy_dataset_v1.csv,very_short
bloom-csv-row-be779fe810e49391,bloom-csv-question-85054e29cf3efe91,The internet is ideal for gathering people from all corners of the globe into communities with similar interests and tasks. Recommend THREE (3) ways that can be used to target online communities.,create,BT6,blooms_taxonomy_dataset_v1.csv,whitespace_normalized
bloom-csv-row-89a9e72cc11323fe,bloom-csv-question-d36fa078655682d8,Explain the principle of autoclaving with its applications.,analyze,BT4,blooms_taxonomy_dataset_v1.csv,none
bloom-csv-row-44a4058ba2a083f4,bloom-csv-question-e7ba9d7e0fdbc57f,List and explain various features of virtual 8086 Mode.,remember,BT1,blooms_taxonomy_dataset_v1.csv,source_duplicate
bloom-csv-row-55d439fa10dd2498,bloom-csv-question-7bc2845bb496436b,Explain various process management system calls in Linux with example.,remember,BT1,blooms_taxonomy_dataset_v1.csv,none
bloom-csv-row-bf8b79b501173c37,bloom-csv-question-3a570422a5418c50,"List FIVE (5) suggestions on how Malaysian public listed company director in Malaysia can perform 'Duty to use Reasonable Care, Skill & Diligence'.",remember,BT1,blooms_taxonomy_dataset_v1.csv,whitespace_normalized
bloom-csv-row-4c1e3015a134814e,bloom-csv-question-93fe78dfa643346d,A rectangular beam of breadth 100 mm and depth 200 mm is simply supported over a span of 4 m.,apply,BT3,blooms_taxonomy_dataset_v1.csv,none
bloom-csv-row-e0ba911ed6b47f94,bloom-csv-question-ad53163a5b76abae,What are the salient features of engineering student's hostel building?,remember,BT1,blooms_taxonomy_dataset_v1.csv,none
bloom-csv-row-cb680c506fe4b1f9,bloom-csv-question-99bdf805f4fd5261,Derive Lagrange’s Interpolation formula for unequally spaced data points.,analyze,BT4,blooms_taxonomy_dataset_v1.csv,encoding_normalized
bloom-csv-row-7d8d2f9ed38f99b6,bloom-csv-question-4d6ce38136dc038f,Differentiate between Gibbs adsorption equation and dynamic surface tension in the study of adsorption at interfaces.,analyze,BT4,blooms_taxonomy_dataset_v1.csv,whitespace_normalized
bloom-csv-row-4823ddc0a77edaba,bloom-csv-question-428e2d817b185719,Name FOUR enzymes in DNA replication and state their functions.,understand,BT2,blooms_taxonomy_dataset_v1.csv,whitespace_normalized
bloom-csv-row-c39657079fbedabf,bloom-csv-question-3f20fa4856e02e57,Write a note on SRAM.,remember,BT1,blooms_taxonomy_dataset_v1.csv,none
bloom-csv-row-265a6da8f54aebb1,bloom-csv-question-b7c5fb6d42caf936,What is meant by back emf in DC motor? State the equation of back emf. Also explain how back emf acts as a regulating mechanism whenload on DC motor changes.,remember,BT1,blooms_taxonomy_dataset_v1.csv,none
bloom-csv-row-08307658d4c12427,bloom-csv-question-9f89e929bf5f4c75,Derive an expression for LMTD for parallel flow heat exchanger with neat sketch.,analyze,BT4,blooms_taxonomy_dataset_v1.csv,whitespace_normalized
bloom-csv-row-ecdce662c83c1941,bloom-csv-question-3cd99483774ddb37,Explain a ‘C’ function to Insert a number in doubly linked list.,apply,BT3,blooms_taxonomy_dataset_v1.csv,encoding_normalized
bloom-csv-row-96db217e418c1b93,bloom-csv-question-e62af7b95fd7269f,Enlist and draw different types of polygon?,remember,BT1,blooms_taxonomy_dataset_v1.csv,none
bloom-csv-row-743914d5363873a1,bloom-csv-question-c14e247206e551cb,What is RTD?,remember,BT1,blooms_taxonomy_dataset_v1.csv,very_short
bloom-csv-row-6b713e41b2ed8303,bloom-csv-question-bf52b21faf753563,Define following terms,remember,BT1,blooms_taxonomy_dataset_v1.csv,missing_context|very_short
bloom-csv-row-29de77c658cd00e7,bloom-csv-question-72b70a33d7bb0a50,How packaging is providing protection to product from biological effects.,analyze,BT4,blooms_taxonomy_dataset_v1.csv,none
bloom-csv-row-9dea1d14b35bfa3a,bloom-csv-question-8f9b7602c59949e0,Explain the behaviour of ferromagnetic material under curie temperature.,remember,BT1,blooms_taxonomy_dataset_v1.csv,none
bloom-csv-row-5c83442383176772,bloom-csv-question-c7a5fc4c15f4da20,In an engine mechanism as shown in figure.,evaluate,BT5,blooms_taxonomy_dataset_v1.csv,none
bloom-csv-row-65a50b4ecfd86a6f,bloom-csv-question-5bffa4f52edeb00b,Derive the expression for armature torque developed in a DC motor.,analyze,BT4,blooms_taxonomy_dataset_v1.csv,none
bloom-csv-row-e07943960950aae6,bloom-csv-question-d2518e18261ff494,Explain the features of LISP programming.,remember,BT1,blooms_taxonomy_dataset_v1.csv,none
bloom-csv-row-98d269600b97facb,bloom-csv-question-115522aba5768402,Suppose the two countries wish to specialize and trade. Specifically determine and explain which country enjoys comparative advantage in the production of sugar cane and blue agave.,apply,BT3,blooms_taxonomy_dataset_v1.csv,whitespace_normalized
bloom-csv-row-7dfaf54d18b6f572,bloom-csv-question-99487ea84d93f82e,Explain quick sort algorithm with suitable example.,analyze,BT4,blooms_taxonomy_dataset_v1.csv,none
bloom-csv-row-a60aec2afba872c7,bloom-csv-question-5612b51699aa42c2,What is tree structured directory?,remember,BT1,blooms_taxonomy_dataset_v1.csv,none
bloom-csv-row-6a1deab20b891a58,bloom-csv-question-f64d3b14690cd547,What are the parameters considered for writing a good defect report?,remember,BT1,blooms_taxonomy_dataset_v1.csv,none
bloom-csv-row-73a4c3b618a1d962,bloom-csv-question-ae8c9e4a5ea9a381,Obtain regression lines for the following data.,analyze,BT4,blooms_taxonomy_dataset_v1.csv,missing_context
bloom-csv-row-920eeb5a822f586f,bloom-csv-question-20b115d2ba9db947,A four pole lap wound DC motor has 540 conductors.,apply,BT3,blooms_taxonomy_dataset_v1.csv,none
bloom-csv-row-c4f4dc2a1564be3f,bloom-csv-question-43438dacce52d17d,Write a short note on capacity control of compressors.,remember,BT1,blooms_taxonomy_dataset_v1.csv,none
bloom-csv-row-e096b1cc15e5aba7,bloom-csv-question-3a301e15a1719117,Describe the properties and application of the following materials.,understand,BT2,blooms_taxonomy_dataset_v1.csv,missing_context
bloom-csv-row-21dd795aa53eed18,bloom-csv-question-2d0288f447400b39,Differentiate between Symmetric and Asymmetric Key Cryptography.,analyze,BT4,blooms_taxonomy_dataset_v1.csv,none
bloom-csv-row-ed14d81ecd40e3ef,bloom-csv-question-bd394f9f535c685c,List and explain the FIVE (5) institutional structures that can promote and sustained economic growth.,understand,BT2,blooms_taxonomy_dataset_v1.csv,whitespace_normalized
bloom-csv-row-1b3f12120ce34cae,bloom-csv-question-b36a07a000c85392,Explain the types of HMI.,remember,BT1,blooms_taxonomy_dataset_v1.csv,none
bloom-csv-row-21f160e5bc6c3d00,bloom-csv-question-1247b6f0b5db02c0,The crank of an engine is 200 mm long and the ratio of connecting rod length to the crank radius is 4.,apply,BT3,blooms_taxonomy_dataset_v1.csv,none
bloom-csv-row-aff057075577c9b7,bloom-csv-question-6405cf0c2f2418e2,Mr.,apply,BT3,blooms_taxonomy_dataset_v1.csv,very_short
bloom-csv-row-2ba6daeb992f1103,bloom-csv-question-18e3662a25844171,What is LANDSLIDE?,remember,BT1,blooms_taxonomy_dataset_v1.csv,very_short
bloom-csv-row-a7405d23dcf95438,bloom-csv-question-812df069d93da1fc,Draw & explain TCON register.,remember,BT1,blooms_taxonomy_dataset_v1.csv,none
bloom-csv-row-631019b34346ae1c,bloom-csv-question-ec4a44fdfee59ebd,Explain the following operations performed on lathe with suitable sketch.,analyze,BT4,blooms_taxonomy_dataset_v1.csv,missing_context
bloom-csv-row-304466a8e78ce674,bloom-csv-question-fa63f8471e8a5336,Define briefly the role of marketing in advertising effectiveness.,remember,BT1,blooms_taxonomy_dataset_v1.csv,whitespace_normalized
bloom-csv-row-fe0be4359f50153e,bloom-csv-question-cb2c114313aadd73,What are Electroactive Polymers?,remember,BT1,blooms_taxonomy_dataset_v1.csv,none
bloom-csv-row-97d4b6381cbdf29b,bloom-csv-question-7064415b1e1f9f7d,"With the neat diagram, explain the working operation of 4-bit SISO.",remember,BT1,blooms_taxonomy_dataset_v1.csv,missing_context
bloom-csv-row-821a5e9c0e2240fa,bloom-csv-question-d5b91e42f4b010c9,Which raw materials are used for manufacture of nitrogeneous fertilizers produced from Ammonia.,remember,BT1,blooms_taxonomy_dataset_v1.csv,none
bloom-csv-row-7435c09820f23fe5,bloom-csv-question-2fad59d5941b39ba,Explain electronic energy meter with a neat diagram.,remember,BT1,blooms_taxonomy_dataset_v1.csv,missing_context
bloom-csv-row-159f4c4fa5d60ce6,bloom-csv-question-eb052d40a42ed3ea,Explain in brief the mesh selection criteria for screen printing applications.,apply,BT3,blooms_taxonomy_dataset_v1.csv,none
bloom-csv-row-8407a091006dffba,bloom-csv-question-941c4360dda50cc9,Write in details FIVE (5) phases of design process.,understand,BT2,blooms_taxonomy_dataset_v1.csv,none
bloom-csv-row-6cff627e3a32bae6,bloom-csv-question-0389e099d86c2d78,Compare pulse Amplitude modulation and pulse position modulation.,analyze,BT4,blooms_taxonomy_dataset_v1.csv,none
bloom-csv-row-89cd0f4dc36bd21e,bloom-csv-question-ba6f100768933aea,With suitable circuit diagram and phasor diagram explain one wattmeter method for measurement of reactive power.,remember,BT1,blooms_taxonomy_dataset_v1.csv,missing_context
bloom-csv-row-adc213f7aafe91dd,bloom-csv-question-c244442bbe85b899,State and explain basic components of ASM chart.,apply,BT3,blooms_taxonomy_dataset_v1.csv,none
bloom-csv-row-6fdb9e33e47476f6,bloom-csv-question-7143aaa7d48f8196,Explain low drop out regulator with neat diagram in detail.,remember,BT1,blooms_taxonomy_dataset_v1.csv,missing_context
bloom-csv-row-611ceadbb93c2a63,bloom-csv-question-1fa5b83adfe48380,"Find the directional derivative of xy yz xzφ=++ at (1, 1, 1) along line 111 212x yz −−−== .",apply,BT3,blooms_taxonomy_dataset_v1.csv,encoding_normalized|whitespace_normalized
bloom-csv-row-abb3a17a25e6b5ae,bloom-csv-question-7886afba0ce3a08b,"Based on your knowledge on the physics of semiconductors, evaluate the limit for the minimum feature size of silicon MOSFET.",evaluate,BT5,blooms_taxonomy_dataset_v1.csv,none
bloom-csv-row-878403793fad7271,bloom-csv-question-48a5302ac28685e8,Write a short note on survey for drainage line work?,remember,BT1,blooms_taxonomy_dataset_v1.csv,none
bloom-csv-row-e02fe88b57606d48,bloom-csv-question-33676fe365e120ff,What are the advantages of digital instruments over analog instruments.,understand,BT2,blooms_taxonomy_dataset_v1.csv,none
bloom-csv-row-0877d594992c9077,bloom-csv-question-f259e03ec0cd02e9,What is Exception handing? How to handle Exception in Java?,remember,BT1,blooms_taxonomy_dataset_v1.csv,none
bloom-csv-row-157d7eb95fe258bc,bloom-csv-question-b3f85ef415057a9c,What is aliasing? How can it be avoided.,remember,BT1,blooms_taxonomy_dataset_v1.csv,none
bloom-csv-row-c23e16695f00a91b,bloom-csv-question-7a3900a261a21723,Differentiate between Microscopy and Macroscopy.,analyze,BT4,blooms_taxonomy_dataset_v1.csv,none
bloom-csv-row-42be216b1fcbb375,bloom-csv-question-ce4d2ac948ea2075,Provide FOUR (4) reasons of using aggregate in concrete production.,understand,BT2,blooms_taxonomy_dataset_v1.csv,whitespace_normalized
bloom-csv-row-bc95f61d880ed7e3,bloom-csv-question-ed09bd4cc713c1a6,What improvements needs to be done for packaging waste.,evaluate,BT5,blooms_taxonomy_dataset_v1.csv,none
bloom-csv-row-edcddca67c4cda84,bloom-csv-question-4fabca3797010f04,Elaborate THREE (3) channels of the transmission process for monetary policy.,understand,BT2,blooms_taxonomy_dataset_v1.csv,whitespace_normalized
bloom-csv-row-e38945381f0eb8aa,bloom-csv-question-924631234c51d049,Explain the working of circular queue.,remember,BT1,blooms_taxonomy_dataset_v1.csv,none
bloom-csv-row-873d9fb0ebc9838c,bloom-csv-question-56c57502cdcfc2db,Define package used in Java.,remember,BT1,blooms_taxonomy_dataset_v1.csv,none
bloom-csv-row-319010cc214a9209,bloom-csv-question-628edd2fa3be53a2,Suggest FOUR (4) recommendations in dealing with intersexes.,create,BT6,blooms_taxonomy_dataset_v1.csv,whitespace_normalized
bloom-csv-row-c798410d3e173418,bloom-csv-question-93f8a84c592c03ea,What is a doubly linked list?,remember,BT1,blooms_taxonomy_dataset_v1.csv,none
bloom-csv-row-c276aa07ec6b668c,bloom-csv-question-108bc724c5ac07cc,Explain the function of 78XX and 79XX voltage regulator.,understand,BT2,blooms_taxonomy_dataset_v1.csv,none
bloom-csv-row-95a151ac4e9243e8,bloom-csv-question-3083711893426427,What is instruction hazard?,remember,BT1,blooms_taxonomy_dataset_v1.csv,none
bloom-csv-row-8eb7534d1d515d28,bloom-csv-question-cd42b328b30a43aa,Describe the assumptions of monopolistic competitive market.,understand,BT2,blooms_taxonomy_dataset_v1.csv,none
bloom-csv-row-73612f268cdaec10,bloom-csv-question-8e4bff87781224d2,List the features of 8086 microprocessor.,remember,BT1,blooms_taxonomy_dataset_v1.csv,none
bloom-csv-row-e1284db9583f32ce,bloom-csv-question-ae7a73487ac08a73,"KOMUGI offers a deliciously authentic variety of handmade Japanese breads, cakes and confectioneries. In 23th December 2017, KOMUGI will launch its first outlets in Perak which will be located in Jusco Kinta City, Ipoh. Your client KOMUGI would like to run a coupon promotion for perakian. Design a creative coupon with catchy messages, slogans and offers to attract the perakian.",create,BT6,blooms_taxonomy_dataset_v1.csv,whitespace_normalized
bloom-csv-row-52367f7d7c9e1bfb,bloom-csv-question-50e13f7a9d655e00,Identify FOUR (4) major crisis variables in organizing and analyzing crisis evolution data. Support your answer with explanation and ONE (1) example for each variable.,understand,BT2,blooms_taxonomy_dataset_v1.csv,whitespace_normalized
bloom-csv-row-582b0e7c91b84e0b,bloom-csv-question-53e572cc8019aab8,State and explain types of belts.,remember,BT1,blooms_taxonomy_dataset_v1.csv,none
bloom-csv-row-85a7efef206c3a8b,bloom-csv-question-0a0449add8389243,Explain static and dynamic tree tables with suitable example.,analyze,BT4,blooms_taxonomy_dataset_v1.csv,none
bloom-csv-row-6e25319f4eee7955,bloom-csv-question-22765ed231c27fe4,Draw and explain block diagram of 8051 in detail.,understand,BT2,blooms_taxonomy_dataset_v1.csv,missing_context
bloom-csv-row-35d232fa1277eddd,bloom-csv-question-685ed9d81f5f166b,A hollow circular shaft has external and internal diameter as 100 mm and 60 mm respectively.,apply,BT3,blooms_taxonomy_dataset_v1.csv,none
bloom-csv-row-0995453858b58500,bloom-csv-question-8e9d787d18453821,Differentiate between Putlog and Independent Scaffold.,analyze,BT4,blooms_taxonomy_dataset_v1.csv,whitespace_normalized
bloom-csv-row-07d3bafa98ad8c87,bloom-csv-question-b0ead7b44cd0ca70,Explain the Media Richness Model. Use the model to discuss how managers can pick the best channel in communicating with staff and support your discussion with a scenario.,evaluate,BT5,blooms_taxonomy_dataset_v1.csv,whitespace_normalized
bloom-csv-row-746d07271f0ff359,bloom-csv-question-90f00b496125119f,State the advantage of applying each step in the purification scheme.,understand,BT2,blooms_taxonomy_dataset_v1.csv,whitespace_normalized
bloom-csv-row-7d70371f76403b59,bloom-csv-question-1df440f359ba76d1,State various materials used in reinforcement of plastics.,remember,BT1,blooms_taxonomy_dataset_v1.csv,none
bloom-csv-row-0406be5d5b0ca5f5,bloom-csv-question-b32c2d776ebd14b3,Define pyrolysis and cracking in petroleum refining process.,apply,BT3,blooms_taxonomy_dataset_v1.csv,none
bloom-csv-row-76a5b4217555bab2,bloom-csv-question-a22b9f1fdda32045,Identify any FIVE (5) significances of nonverbal communication in organization.,remember,BT1,blooms_taxonomy_dataset_v1.csv,whitespace_normalized
bloom-csv-row-30c61d7fb61dcf7b,bloom-csv-question-0c8c92d33659edeb,Enlist any four types of flooring.,remember,BT1,blooms_taxonomy_dataset_v1.csv,none
bloom-csv-row-33a9106407647642,bloom-csv-question-46372d676260f9cd,What is DMA?,remember,BT1,blooms_taxonomy_dataset_v1.csv,very_short
bloom-csv-row-db0629b889cd4f20,bloom-csv-question-338a01bae4288c6d,Money growth is always interrelated with inflation phenomenon. Explain how the growth of money will affect the economy when the economy is operating at the full capacity. Illustrate by using an appropriate diagram.,analyze,BT4,blooms_taxonomy_dataset_v1.csv,missing_context
bloom-csv-row-3847b70b0415b230,bloom-csv-question-e5c6bf92c56fd1b1,What is SCM?,remember,BT1,blooms_taxonomy_dataset_v1.csv,very_short
bloom-csv-row-60d0e8d2ec3787ab,bloom-csv-question-4c366c98337749a5,Explain the Bezier curve.,analyze,BT4,blooms_taxonomy_dataset_v1.csv,none
bloom-csv-row-2a617aa1dd43692e,bloom-csv-question-361fe4fa42082c32,Derive an expression of velocity and shear stress distribution for laminar flow between fixed parallel plates.,analyze,BT4,blooms_taxonomy_dataset_v1.csv,none
bloom-csv-row-dab8ced17bdde4e4,bloom-csv-question-38566d0cdb4d19ef,Describe the THREE (3) roles for social media in branding.,remember,BT1,blooms_taxonomy_dataset_v1.csv,none
bloom-csv-row-83cb143e9d7495d0,bloom-csv-question-5136ef205894df31,Apply the block digram reduction rules to reduce the following system into canonical form and determine its control ratio.,remember,BT1,blooms_taxonomy_dataset_v1.csv,missing_context
bloom-csv-row-22eb86894898e8b5,bloom-csv-question-4271443d4486a9a6,Assume that Japan is currently operating at the natural level of output. Investor is optimistic about the future due to the outstanding performance in the stock market. Explain the effect of event to the price level and output level in the short run and long run in Japan by using an appropriate diagram.,understand,BT2,blooms_taxonomy_dataset_v1.csv,missing_context
bloom-csv-row-8d328781663f9f8b,bloom-csv-question-0cdc061516e4f06f,"In maintaining concrete quality, identify SEVEN (7) good practices on site.",remember,BT1,blooms_taxonomy_dataset_v1.csv,whitespace_normalized
bloom-csv-row-c6e76d4a0f2c500c,bloom-csv-question-c8f929778a3997e1,An infinite slope is made of clay with the following properties:,apply,BT3,blooms_taxonomy_dataset_v1.csv,missing_context
bloom-csv-row-00776c9899009513,bloom-csv-question-e283856d80915a67,What are the salient features of vegetable market building.,remember,BT1,blooms_taxonomy_dataset_v1.csv,none
bloom-csv-row-2e69bfc6541d9b6f,bloom-csv-question-5596924a4ace0b8d,What is Inheritance?,remember,BT1,blooms_taxonomy_dataset_v1.csv,very_short
bloom-csv-row-281296cdaec10b4e,bloom-csv-question-092d28229a9faf42,Discuss following terms.,remember,BT1,blooms_taxonomy_dataset_v1.csv,missing_context|very_short
bloom-csv-row-4255cdf5db233e28,bloom-csv-question-39ef053660adc4fc,Find the Laplace Transform and ROC of Unit Step function and Unit Ramp function.,analyze,BT4,blooms_taxonomy_dataset_v1.csv,none
bloom-csv-row-b12b93797eaba216,bloom-csv-question-b9f11cb554fa4652,Name the four different types of interactions involved in building the tertiary structure of proteins and give one denaturing agent for each.,understand,BT2,blooms_taxonomy_dataset_v1.csv,none
bloom-csv-row-09ea0a58d70c4c53,bloom-csv-question-2a913121ac07fede,Explain FOUR (4) benefits of using Digital-Out-Of-Home in advertising.,understand,BT2,blooms_taxonomy_dataset_v1.csv,whitespace_normalized
bloom-csv-row-8798d5f465f11828,bloom-csv-question-38ba9fe8f6bda27a,Write short note on external sort.,remember,BT1,blooms_taxonomy_dataset_v1.csv,none
bloom-csv-row-bc12401076eba23f,bloom-csv-question-8086d069b8e19215,Explain in brief reactions involved in manufacture of silicone rubbers with mechanisms.,apply,BT3,blooms_taxonomy_dataset_v1.csv,none
bloom-csv-row-5440320fb31b4b72,bloom-csv-question-8f03a322e8f4cd19,Give dimensionless numbers in case of natural and forced convection.,remember,BT1,blooms_taxonomy_dataset_v1.csv,none
bloom-csv-row-bc8e3a92ad068496,bloom-csv-question-482861ecac5f2fce,Banks act as an important institution in the financial system. Briefly explain what a bank run is and provide THREE (3) causes that lead to its occurrence.,understand,BT2,blooms_taxonomy_dataset_v1.csv,whitespace_normalized
bloom-csv-row-c6ba5d11413b85da,bloom-csv-question-2fc17fc0e024a7d3,Explain Network stability.,remember,BT1,blooms_taxonomy_dataset_v1.csv,very_short
bloom-csv-row-902d2026f137f661,bloom-csv-question-ddd170bb9889c12d,List TEN (10) components of an effective crisis communication plan.,understand,BT2,blooms_taxonomy_dataset_v1.csv,none
bloom-csv-row-0f29ef8821148c30,bloom-csv-question-35ef6f0465719442,Explain in brief the exposure time calculation method for screen stencil making process.,remember,BT1,blooms_taxonomy_dataset_v1.csv,none
bloom-csv-row-ac4d543d798d93e0,bloom-csv-question-cd86b570da859f14,Write a note on User Interface Design.,remember,BT1,blooms_taxonomy_dataset_v1.csv,none
bloom-csv-row-2322d02b4b7c36b2,bloom-csv-question-2dcde50d974b9610,Discuss in detail with a case history how geological investigations have helped for proper site of Dam.,analyze,BT4,blooms_taxonomy_dataset_v1.csv,none
bloom-csv-row-0dc0f0a9e1b97b35,bloom-csv-question-40848644fea53059,"Construct a DNA based cladogram using neighbour-joining approach, and suggest the relationship of S, M, and D species.",create,BT6,blooms_taxonomy_dataset_v1.csv,whitespace_normalized
bloom-csv-row-bb0eccca25b2703c,bloom-csv-question-915144e4fc5b0eac,Describe the basic Qlassic inspection tools used and how they are used to detect the various types of defects for their assessment of quality.,understand,BT2,blooms_taxonomy_dataset_v1.csv,none
bloom-csv-row-2e2c536c1df6d859,bloom-csv-question-1243d771b7995d9b,Explain Intel i860 processor with block diagram.,remember,BT1,blooms_taxonomy_dataset_v1.csv,missing_context
bloom-csv-row-27e05846edb65ae2,bloom-csv-question-cabfb33fd26bbb46,Propose TWO (2) strategies that a minority opinion can overtake the majority and be accepted.,create,BT6,blooms_taxonomy_dataset_v1.csv,whitespace_normalized
bloom-csv-row-cc066bad7343f222,bloom-csv-question-f2a73baa19c46f84,How are polymers classified on the basis of their structure?,remember,BT1,blooms_taxonomy_dataset_v1.csv,none
bloom-csv-row-3394dc7f625c90e9,bloom-csv-question-707b56c63e7c6dc6,Discuss the different types of threads used in power screw.,remember,BT1,blooms_taxonomy_dataset_v1.csv,none
bloom-csv-row-55bf8a1c8df22632,bloom-csv-question-fdb91bb563fc17cd,Draw a block diagram of electronic energy meter and explain how it operates.,understand,BT2,blooms_taxonomy_dataset_v1.csv,missing_context
